,year,month,day,hour,Title_sentiment,Comment_sentiment,return,senti
0,2020,12,18,1,0.0,0.0,,0.0
2,2020,12,18,2,0.1357,0.0,,0.1357
6,2020,12,18,3,0.0,0.1531,,0.1531
7,2020,12,18,4,0.0,0.20382142857142857,,0.20382142857142857
21,2020,12,18,5,0.0,0.004574999999999996,,0.004574999999999996
25,2020,12,18,6,0.0,-0.126,0.0,-0.126
27,2020,12,18,7,0.0,0.4484,-0.004029550033579632,0.4484
29,2020,12,18,8,0.0,0.0,-0.0020107238605897577,0.0
30,2020,12,18,9,0.1531,0.0,-0.02547354670150237,0.1531
31,2020,12,18,10,0.0,0.4404,-0.03831658291457285,0.4404
32,2020,12,18,11,0.0,0.3444,0.01015228426395942,0.3444
36,2020,12,18,12,0.0,0.0,-0.01005025125628145,0.0
37,2020,12,18,13,0.7059,0.0,-0.009334163036714416,0.7059
38,2020,12,18,14,0.1806,0.0,0.017732742241925337,0.1806
40,2020,12,18,15,0.0,0.0,0.010236724248240405,0.0
41,2020,12,18,16,-0.21620000000000003,0.09933846153846151,-0.007619047619047525,-0.11686153846153852
80,2020,12,18,17,-0.28963333333333335,0.213875,-0.005053695514845247,-0.07575833333333334
92,2020,12,18,18,0.2611499999999992,0.12366041666666666,0.004441624365482344,0.3848104166666659
188,2020,12,18,19,0.0,0.04974545454545453,0.0,0.04974545454545453
232,2020,12,18,20,0.0,0.12213846153846156,0.05066666666666664,0.12213846153846156
271,2020,12,18,21,0.6141500000000019,0.12713023255813957,,0.7412802325581415
357,2020,12,18,22,0.0,-0.013104545454545457,,-0.013104545454545457
379,2020,12,18,23,0.7573499999999999,-0.001722727272727266,,0.7556272727272726
423,2020,12,19,0,0.0,-0.02639999999999999,,-0.02639999999999999
503,2020,12,19,1,0.0,0.028441860465116275,,0.028441860465116275
546,2020,12,19,2,0.0,0.1436939393939394,,0.1436939393939394
612,2020,12,19,3,0.0,0.03816538461538463,,0.03816538461538463
638,2020,12,19,4,0.0,0.20725333333333332,,0.20725333333333332
653,2020,12,19,5,0.0,0.07319583333333333,,0.07319583333333333
677,2020,12,19,6,0.0,0.14699374999999998,,0.14699374999999998
693,2020,12,19,7,0.0,0.16883076923076923,,0.16883076923076923
706,2020,12,19,8,0.0,0.18536,,0.18536
721,2020,12,19,9,0.0,-0.11915,,-0.11915
729,2020,12,19,10,0.25,-0.135575,,0.114425
733,2020,12,19,11,0.296,0.35872499999999996,,0.654725
737,2020,12,19,12,0.0,-0.021400000000000013,,-0.021400000000000013
740,2020,12,19,13,0.0,0.027575000000000002,,0.027575000000000002
748,2020,12,19,14,0.0,-0.39135,,-0.39135
750,2020,12,19,15,0.0,0.2333,,0.2333
751,2020,12,19,16,0.0,0.06013333333333334,,0.06013333333333334
757,2020,12,19,17,-0.3818,0.05677499999999999,,-0.325025
761,2020,12,19,18,0.0,0.045822727272727286,,0.045822727272727286
783,2020,12,19,19,0.0,0.30793333333333334,,0.30793333333333334
795,2020,12,19,20,0.0,0.3216,,0.3216
801,2020,12,19,21,0.0,0.0,,0.0
811,2020,12,19,22,0.0,0.30360000000000004,,0.30360000000000004
814,2020,12,19,23,0.0,0.37704444444444446,,0.37704444444444446
823,2020,12,20,0,0.0,0.4406,,0.4406
827,2020,12,20,1,0.0,0.40165999999999996,,0.40165999999999996
832,2020,12,20,2,0.1806,0.11864999999999998,,0.29925
836,2020,12,20,3,0.0,0.2905,,0.2905
839,2020,12,20,4,-0.44039999999999996,0.024516666666666687,,-0.41588333333333327
845,2020,12,20,5,0.0,-0.27004,,-0.27004
850,2020,12,20,7,0.0,0.9325,,0.9325
851,2020,12,20,8,0.0,0.1847,,0.1847
855,2020,12,20,10,0.0,-0.007000000000000006,,-0.007000000000000006
857,2020,12,20,11,0.4019,-0.043149999999999966,,0.35875
859,2020,12,20,12,0.0,-0.6652,,-0.6652
860,2020,12,20,13,0.0,-0.065425,,-0.065425
864,2020,12,20,14,0.0,-0.1862666666666667,,-0.1862666666666667
867,2020,12,20,15,0.0,0.24503333333333333,,0.24503333333333333
870,2020,12,20,16,0.3612,0.7845,,1.1457
871,2020,12,20,17,0.0,0.7057666666666668,,0.7057666666666668
874,2020,12,20,18,0.0,0.34886999999999996,,0.34886999999999996
894,2020,12,20,19,-0.4695999999999999,0.15423333333333333,,-0.3153666666666666
903,2020,12,20,20,-0.4404000000000002,0.05827499999999999,,-0.3821250000000002
923,2020,12,20,21,0.01923333333333332,-0.011727272727272727,,0.007506060606060594
956,2020,12,20,22,0.0,0.1435722222222222,,0.1435722222222222
974,2020,12,20,23,0.0,0.16095909090909089,,0.16095909090909089
996,2020,12,21,0,-0.19090000000000001,0.222,,0.03109999999999999
1010,2020,12,21,1,0.0,-0.17436666666666667,,-0.17436666666666667
1016,2020,12,21,2,0.0,0.01047272727272727,,0.01047272727272727
1027,2020,12,21,3,0.0,0.3699222222222222,,0.3699222222222222
1036,2020,12,21,4,0.0,0.13375714285714285,,0.13375714285714285
1043,2020,12,21,5,0.0,-0.119175,0.011463250168577188,-0.119175
1047,2020,12,21,6,0.0,0.08752,-0.030085022890778187,0.08752
1057,2020,12,21,7,0.0,0.04105999999999999,0.0026229508196720093,0.04105999999999999
1067,2020,12,21,8,0.0,0.6901,-0.0757575757575758,0.6901
1068,2020,12,21,9,0.0,0.0666,0.03773584905660377,0.0666
1075,2020,12,21,10,0.0,0.0593,0.011450381679389388,0.0593
1078,2020,12,21,11,0.4019,0.0,0.01747572815533993,0.4019
1079,2020,12,21,12,0.0,0.4588,0.0006476683937823857,0.4588
1080,2020,12,21,13,0.1799666666666667,0.0,0.0012970168612191912,0.1799666666666667
1092,2020,12,21,14,0.074,0.0,0.002600780234070177,0.074
1100,2020,12,21,15,0.0,0.0599872340425532,-0.009020618556701,0.0599872340425532
1194,2020,12,21,16,0.031633333333333444,0.02963454545454545,-0.01772151898734187,0.0612678787878789
1359,2020,12,21,17,0.0,0.06306842105263158,0.005728835136855404,0.06306842105263158
1397,2020,12,21,18,-0.12765,0.11780740740740743,-0.022401991288114487,-0.009842592592592583
1505,2020,12,21,19,0.0,-0.013930909090909084,0.004375000000000018,-0.013930909090909084
1560,2020,12,21,20,-0.4577000000000009,0.13690714285714284,0.009463722397476282,-0.32079285714285805
1644,2020,12,21,21,0.16463333333333333,0.14310425531914897,,0.3077375886524823
1785,2020,12,21,22,0.0,0.06491499999999999,,0.06491499999999999
1825,2020,12,21,23,0.0,-0.06297045454545457,,-0.06297045454545457
1869,2020,12,22,0,0.0,0.17861666666666667,,0.17861666666666667
1893,2020,12,22,1,-0.2960000000000001,0.06856,,-0.2274400000000001
1918,2020,12,22,2,0.0,0.13065,,0.13065
1936,2020,12,22,3,0.019875000000000014,0.07179999999999999,,0.091675
1960,2020,12,22,4,0.4137000000000001,0.013249999999999993,,0.4269500000000001
1972,2020,12,22,5,0.0,0.19048181818181817,,0.19048181818181817
2005,2020,12,22,6,0.0,0.11830666666666666,,0.11830666666666666
2020,2020,12,22,7,0.0,0.17475555555555555,-0.013075965130759593,0.17475555555555555
2029,2020,12,22,8,0.0,-0.13892,-0.0006222775357810352,-0.13892
2034,2020,12,22,9,0.0,-0.14695,-0.0843304843304844,-0.14695
2038,2020,12,22,10,0.0,0.12147142857142858,-0.08259278619968624,0.12147142857142858
2045,2020,12,22,11,0.0,0.170375,0.003672612801678854,0.170375
2049,2020,12,22,12,0.0,-0.2494333333333333,-0.015495867768595128,-0.2494333333333333
2055,2020,12,22,13,0.0,0.29746666666666666,-0.006160164271047264,0.29746666666666666
2058,2020,12,22,14,0.14701999999999998,0.14677499999999996,-0.0005130836326320276,0.2937949999999999
2098,2020,12,22,15,-0.04936666666666667,0.15050000000000002,0.0030880082346884663,0.10113333333333335
2158,2020,12,22,16,0.13549999999999982,0.049851724137931,0.012506513809275477,0.18535172413793083
2506,2020,12,22,17,-0.03644000000000054,0.03753661971830986,-0.011843460350154487,0.0010966197183093218
2861,2020,12,22,18,-0.006700000000000015,0.040615517241379295,-0.0005146680391147074,0.033915517241379284
3383,2020,12,22,19,0.16510000000000033,0.04403695652173912,0.005173305742369515,0.20913695652173944
4119,2020,12,22,20,-0.1114800000000001,0.061372727272727266,-0.07511961722488036,-0.05010727272727284
4394,2020,12,22,21,0.3271500000000002,0.11481044776119392,,0.44196044776119414
5064,2020,12,22,22,0.07955,0.1863571428571429,,0.2659071428571429
5148,2020,12,22,23,0.002562500000000043,0.0833089108910892,,0.08587141089108924
5956,2020,12,23,0,0.16396666666666695,0.04792211538461536,,0.2118887820512823
6580,2020,12,23,1,0.554733333333334,0.15677532467532454,,0.7115086580086585
6811,2020,12,23,2,-0.32900000000000035,0.14425781250000003,,-0.18474218750000032
6939,2020,12,23,3,-0.09620000000000016,-0.03327435897435897,,-0.12947435897435913
7017,2020,12,23,4,-0.15293333333333334,0.052633333333333344,,-0.1003
7179,2020,12,23,5,0.10145555555555642,0.07209999999999998,0.00917431192660545,0.1735555555555564
7872,2020,12,23,6,0.14045000000000013,0.10100735294117641,-0.011455847255369857,0.24145735294117654
8008,2020,12,23,7,0.4767000000000002,-0.016569642857142852,0.056480080685829666,0.4601303571428573
8064,2020,12,23,8,0.0,0.0666475,-0.0005040322580646128,0.0666475
8104,2020,12,23,9,0.047899999999999984,-0.06494761904761902,-0.052983293556085886,-0.017047619047619034
8230,2020,12,23,10,0.0,0.129,0.011588604538870008,0.129
8252,2020,12,23,11,0.0,-0.005497619047619047,-0.04341801385681288,-0.005497619047619047
8336,2020,12,23,12,0.0,0.018153846153846156,0.0013876040703051373,0.018153846153846156
8414,2020,12,23,13,0.2403499999999995,0.11216666666666662,-0.0032272936837252075,0.35251666666666615
8522,2020,12,23,14,0.4734999999999994,0.16288823529411764,0.030403800475059306,0.636388235294117
8607,2020,12,23,15,-0.009499999999999969,0.15412558139534868,0.022837706511176004,0.1446255813953487
9209,2020,12,23,16,0.10886363636363638,0.2135977777777776,-0.0009708737864079221,0.322461414141414
9704,2020,12,23,17,-0.10743000000000004,0.034649999999999945,0.0,-0.0727800000000001
10744,2020,12,23,18,0.2487727272727274,0.08610454545454535,-0.008662175168431152,0.33487727272727275
11712,2020,12,23,19,0.13136666666666671,0.029108988764045,0.000481463649494529,0.1604756554307117
12246,2020,12,23,20,0.011466666666666687,0.06655983606557359,-0.01935788479697831,0.07802650273224027
13344,2020,12,23,21,0.1787499999999997,0.008298795180722887,,0.18704879518072257
13842,2020,12,23,22,0.03232857142857145,0.027976470588235287,,0.06030504201680674
14318,2020,12,23,23,0.0,0.02049578947368422,,0.02049578947368422
14508,2020,12,24,0,-0.4390333333333332,0.0034575757575757626,,-0.43557575757575745
14805,2020,12,24,1,-0.01720000000000001,0.0057536585365853665,,-0.011446341463414644
14928,2020,12,24,2,0.0036799999999999494,0.15783333333333324,,0.1615133333333332
15138,2020,12,24,3,-0.2711500000000003,0.09085238095238098,,-0.18029761904761932
15222,2020,12,24,4,0.11902499999999991,0.10031639344262296,,0.21934139344262288
15466,2020,12,24,5,0.0,0.10534923076923078,0.018269230769230704,0.10534923076923078
15661,2020,12,24,6,-0.36120000000000013,0.11470652173913044,0.012165450121654596,-0.2464934782608697
15707,2020,12,24,7,0.0,0.05392105263157895,-0.026066350710900462,0.05392105263157895
15764,2020,12,24,8,-0.1590999999999999,0.1426757575757576,-0.0014197823000472456,-0.016424242424242314
15830,2020,12,24,9,-0.31819999999999965,0.16708048780487805,0.0,-0.1511195121951216
15871,2020,12,24,10,0.0,0.02352941176470589,0.02176015473887816,0.02352941176470589
15888,2020,12,24,11,0.12524999999999994,-0.054704545454545436,0.003883495145631022,0.07054545454545451
15976,2020,12,24,12,0.0,0.014576923076923078,0.01980198019801982,0.014576923076923078
16002,2020,12,24,13,0.0,0.14139230769230768,0.0024813895781639057,0.14139230769230768
16041,2020,12,24,14,-0.09207142857142873,0.060951351351351345,0.0,-0.03112007722007739
16300,2020,12,24,15,0.15029999999999985,0.10408536585365857,,0.25438536585365845
16546,2020,12,24,16,0.034100000000000026,0.16445876288659791,-0.005429417571569784,0.19855876288659793
17225,2020,12,24,17,-0.35442000000000157,0.053333333333333316,-0.13009875483039926,-0.3010866666666683
17600,2020,12,24,18,-0.05160000000000006,-0.010271052631578945,,-0.06187105263157901
17676,2020,12,24,19,0.0,0.07564782608695653,,0.07564782608695653
17722,2020,12,24,20,-0.2792500000000003,0.12574193548387094,,-0.15350806451612933
17846,2020,12,24,21,-0.14006000000000005,0.25553,,0.11546999999999993
17896,2020,12,24,22,0.22940000000000002,0.08305,,0.31245
17924,2020,12,24,23,0.0,0.031728,,0.031728
17949,2020,12,25,0,0.01356666666666667,0.20838571428571429,,0.22195238095238096
18012,2020,12,25,1,0.3399999999999999,0.21611379310344833,,0.5561137931034482
18041,2020,12,25,2,0.0,0.1696153846153846,,0.1696153846153846
18054,2020,12,25,3,0.0,0.2631695652173913,,0.2631695652173913
18077,2020,12,25,4,0.0,0.10075833333333334,,0.10075833333333334
18089,2020,12,25,5,0.1027,0.14336400000000002,,0.246064
18114,2020,12,25,6,0.0,0.1956388888888889,,0.1956388888888889
18150,2020,12,25,7,0.0,0.17538636363636362,,0.17538636363636362
18172,2020,12,25,8,0.0,0.012679999999999997,,0.012679999999999997
18192,2020,12,25,9,0.0,0.044,,0.044
18197,2020,12,25,10,0.0,0.5792166666666667,,0.5792166666666667
18203,2020,12,25,11,0.0,0.0,,0.0
18204,2020,12,25,12,0.0,0.3601,,0.3601
18206,2020,12,25,13,0.0,0.35125,,0.35125
18208,2020,12,25,14,0.0,0.5859,,0.5859
18209,2020,12,25,15,0.23412500000000003,0.010266666666666683,,0.2443916666666667
18221,2020,12,25,16,0.9114000000000002,0.049477777777777766,,0.9608777777777779
18230,2020,12,25,17,0.0,0.06233999999999999,,0.06233999999999999
18270,2020,12,25,18,0.0,0.16760999999999998,,0.16760999999999998
18310,2020,12,25,19,0.0,0.21805714285714284,,0.21805714285714284
18436,2020,12,25,20,-0.4451,0.19754603174603175,,-0.24755396825396825
18499,2020,12,25,21,0.0,0.22836296296296293,,0.22836296296296293
18553,2020,12,25,22,-0.4172499999999996,0.1337458333333333,,-0.28350416666666634
18649,2020,12,25,23,-0.3817999999999999,0.22860000000000003,,-0.1531999999999999
18695,2020,12,26,0,0.0,0.09001153846153848,,0.09001153846153848
18773,2020,12,26,1,0.0,0.10475249999999998,,0.10475249999999998
18813,2020,12,26,2,0.18060000000000007,0.07251562500000001,,0.25311562500000007
18877,2020,12,26,3,0.0,0.044156,,0.044156
18927,2020,12,26,4,0.5423000000000003,0.09547692307692311,,0.6377769230769235
18953,2020,12,26,5,0.100475,0.0752033333333333,,0.1756783333333333
19073,2020,12,26,6,0.14800000000000002,0.2230034482758621,,0.3710034482758621
19131,2020,12,26,7,0.0,0.013858823529411767,,0.013858823529411767
19165,2020,12,26,8,0.0,0.061648148148148126,,0.061648148148148126
19192,2020,12,26,9,0.0,0.1688952380952381,,0.1688952380952381
19213,2020,12,26,10,0.0,0.11320000000000001,,0.11320000000000001
19223,2020,12,26,11,0.0,0.2127272727272727,,0.2127272727272727
19234,2020,12,26,12,0.0,0.27147,,0.27147
19244,2020,12,26,13,0.0,0.05252499999999999,,0.05252499999999999
19248,2020,12,26,14,0.0,0.38401428571428564,,0.38401428571428564
19255,2020,12,26,15,0.38960000000000006,0.1467166666666667,,0.5363166666666668
19273,2020,12,26,16,-0.0404,0.21879090909090906,,0.17839090909090907
19284,2020,12,26,17,0.14049999999999999,0.24878333333333333,,0.3892833333333333
19338,2020,12,26,18,0.0,0.21165000000000003,,0.21165000000000003
19358,2020,12,26,19,0.0258,0.040850000000000004,,0.06665
19380,2020,12,26,20,0.33225000000000005,0.17128333333333334,,0.5035333333333334
19428,2020,12,26,21,0.0,0.1341263157894737,,0.1341263157894737
19466,2020,12,26,22,-0.43890000000000023,0.17270800000000006,,-0.2661920000000002
19516,2020,12,26,23,0.028133333333333288,0.11397045454545453,,0.1421037878787878
19648,2020,12,27,0,-0.8415999999999983,0.12256046511627908,,-0.7190395348837193
19734,2020,12,27,1,0.0,0.11764655172413793,,0.11764655172413793
19792,2020,12,27,2,-0.09199999999999939,0.13816981132075465,,0.04616981132075526
19898,2020,12,27,3,0.335300000000001,0.06630000000000001,,0.401600000000001
20026,2020,12,27,4,0.2213499999999993,0.046934615384615366,,0.2682846153846147
20130,2020,12,27,5,0.0,0.020976470588235294,,0.020976470588235294
20164,2020,12,27,6,0.0,-0.04524999999999999,,-0.04524999999999999
20192,2020,12,27,7,0.2294,0.15465,,0.38405
20232,2020,12,27,8,1.4802973661668754e-17,0.10610666666666668,,0.1061066666666667
20277,2020,12,27,9,0.0,-0.08728666666666667,,-0.08728666666666667
20307,2020,12,27,10,0.0,0.14349090909090909,,0.14349090909090909
20318,2020,12,27,11,0.0,0.16568571428571427,,0.16568571428571427
20325,2020,12,27,12,0.0,0.11277272727272726,,0.11277272727272726
20336,2020,12,27,13,0.0,-0.018224999999999998,,-0.018224999999999998
20344,2020,12,27,14,0.5052,0.14317142857142856,,0.6483714285714286
20358,2020,12,27,15,0.23263333333333341,0.14538,,0.3780133333333334
20388,2020,12,27,16,0.12207499999999998,0.042073333333333324,,0.16414833333333329
20448,2020,12,27,17,0.2301333333333334,0.04642083333333333,,0.27655416666666677
20520,2020,12,27,18,0.0,0.13357959183673465,,0.13357959183673465
20667,2020,12,27,19,0.04349999999999995,0.02145238095238095,,0.0649523809523809
20835,2020,12,27,20,-0.1022857142857139,0.0341227272727273,,-0.06816298701298659
21297,2020,12,27,21,0.0,0.04961159420289857,,0.04961159420289857
21366,2020,12,27,22,-0.3372999999999991,0.04002142857142857,,-0.2972785714285705
21562,2020,12,27,23,-0.03738333333333338,0.21329696969696965,,0.17591363636363627
21760,2020,12,28,0,0.0,0.11223333333333334,,0.11223333333333334
21832,2020,12,28,1,0.09030000000000003,0.05904255319148936,,0.1493425531914894
22020,2020,12,28,2,0.08562857142857136,0.20627446808510613,,0.29190303951367746
22349,2020,12,28,3,0.3655000000000004,0.0938457627118644,,0.4593457627118648
22526,2020,12,28,4,0.0,0.0498777777777778,,0.0498777777777778
22715,2020,12,28,5,-0.08537500000000016,0.018353488372093017,0.03419182948490218,-0.06702151162790715
22887,2020,12,28,6,0.1559749999999999,-0.02179833333333332,0.005357142857142838,0.13417666666666658
23127,2020,12,28,7,0.1351500000000006,0.005235820895522388,0.004484304932735439,0.14038582089552298
23663,2020,12,28,8,0.0,0.04734909090909091,0.04011194029850751,0.04734909090909091
23883,2020,12,28,9,-0.1084600000000001,0.11643333333333332,-0.01152604887044717,0.007973333333333221
24063,2020,12,28,10,0.22469999999999993,0.004164285714285722,0.03285714285714292,0.22886428571428566
24091,2020,12,28,11,0.0,0.1535041666666667,-0.005681818181818232,0.1535041666666667
24139,2020,12,28,12,0.13396666666666665,-0.002245161290322578,0.012464046021092969,0.13172150537634408
24232,2020,12,28,13,0.16877499999999998,0.12726470588235295,0.020547945205479312,0.29603970588235295
24300,2020,12,28,14,-0.02671999999999998,0.2324090909090909,-0.009689922480620172,0.20568909090909093
24410,2020,12,28,15,-0.26842000000000005,0.08259999999999997,-0.0162059103908484,-0.1858200000000001
24545,2020,12,28,16,-0.04660000000000001,0.07786140350877188,-0.005687203791469253,0.03126140350877187
24944,2020,12,28,17,-0.1413200000000001,-0.02972352941176471,-0.004716981132075415,-0.17104352941176482
25114,2020,12,28,18,0.0,-0.053951351351351325,0.0037878787878786735,-0.053951351351351325
25410,2020,12,28,19,0.4642500000000003,0.09214810126582271,-0.0014184397163119478,0.556398101265823
25726,2020,12,28,20,0.14799999999999983,0.09604,0.007142857142857118,0.2440399999999998
25866,2020,12,28,21,-0.5993999999999998,0.054819999999999994,,-0.5445799999999998
25926,2020,12,28,22,0.06743333333333328,0.053690000000000036,,0.1211233333333333
26106,2020,12,28,23,0.40079999999999927,0.05290526315789474,,0.453705263157894
26220,2020,12,29,0,0.049155555555555744,0.1118666666666665,,0.16102222222222223
26868,2020,12,29,1,0.09078749999999995,0.07578390804597698,,0.16657140804597692
27564,2020,12,29,2,-0.23389999999999966,0.06911616161616163,,-0.16478383838383803
27762,2020,12,29,3,-0.0905599999999985,0.1053040404040403,,0.0147440404040418
28257,2020,12,29,4,0.0,0.045530337078651686,,0.045530337078651686
28346,2020,12,29,5,0.526699999999999,0.100448051948052,-0.010367577756833168,0.6271480519480509
28423,2020,12,29,6,0.0,0.0626875,0.00616405879563775,0.0626875
28471,2020,12,29,7,-0.35590000000000005,0.12187142857142857,,-0.23402857142857147
28541,2020,12,29,8,-0.1867999999999999,0.14436451612903228,0.0028530670470754416,-0.04243548387096763
28603,2020,12,29,9,0.0,0.12363529411764705,0.06212121212121224,0.12363529411764705
28620,2020,12,29,10,0.0,0.06312941176470588,0.03286384976525825,0.06312941176470588
28637,2020,12,29,11,0.0,0.1669,-0.026409344845099048,0.1669
28641,2020,12,29,12,0.0,0.2712555555555556,0.017045454545454586,0.2712555555555556
28650,2020,12,29,13,0.0,-0.044800000000000006,-0.021728145528044474,-0.044800000000000006
28657,2020,12,29,14,0.07136666666666662,0.03713333333333334,0.006100660904931221,0.10849999999999996
28711,2020,12,29,15,-0.07274500000000003,0.1517799999999999,0.015487867836861069,0.07903499999999986
28911,2020,12,29,16,0.025733333333333323,-0.06185,0.001033591731266048,-0.03611666666666668
29013,2020,12,29,17,-0.0719111111111122,0.02273483146067414,-0.0005165289256197081,-0.04917627965043806
29814,2020,12,29,18,0.12497999999999973,0.04073707865168536,0.006760270410816282,0.16571707865168508
30259,2020,12,29,19,0.09526666666666618,0.11535899999999989,0.009448818897637823,0.21062566666666607
30859,2020,12,29,20,0.009599999999999949,0.07362222222222217,-0.013975155279503104,0.08322222222222211
31453,2020,12,29,21,0.11309999999999998,0.0536154929577465,,0.1667154929577465
31808,2020,12,29,22,0.04598333333333337,0.11656746987951794,,0.1625508032128513
32306,2020,12,29,23,0.25921428571428556,0.12126499999999996,,0.3804792857142855
32866,2020,12,30,0,0.09866666666666654,0.07885764705882346,,0.17752431372549
33121,2020,12,30,1,-0.10823333333333286,0.10243424657534238,,-0.005799086757990485
33778,2020,12,30,2,-0.15876000000000018,0.13028292682926831,,-0.028477073170731865
33983,2020,12,30,3,0.0,0.015410294117647057,,0.015410294117647057
34187,2020,12,30,4,0.0,0.08243023255813957,,0.08243023255813957
34273,2020,12,30,5,0.3143666666666652,0.020473333333333316,,0.33483999999999847
34633,2020,12,30,6,0.0,0.1709064516129032,-0.013782542113323082,0.1709064516129032
34695,2020,12,30,7,0.1511,0.03384347826086957,0.015025906735751215,0.1849434782608696
34718,2020,12,30,8,0.0,-0.0674,0.013655462184874123,-0.0674
34744,2020,12,30,9,0.8422,0.09427777777777778,-0.039838628340897575,0.9364777777777777
34762,2020,12,30,10,0.7263000000000001,0.026888888888888886,0.018489984591679498,0.7531888888888889
34771,2020,12,30,11,-0.2107333333333333,0.13718,0.010903426791277092,-0.0735533333333333
34816,2020,12,30,12,0.0,0.16818333333333335,0.012618296529968598,0.16818333333333335
34828,2020,12,30,13,-0.2627333333333333,0.02701666666666667,-0.012973533990659036,-0.23571666666666666
34864,2020,12,30,14,0.33883999999999975,0.0489,0.013144058885383723,0.38773999999999975
34944,2020,12,30,15,-0.030355555555555563,-0.04564500000000001,-0.012461059190031263,-0.07600055555555557
35124,2020,12,30,16,-0.14725000000000024,0.10647419354838707,0.0015600624024960652,-0.040775806451613175
35372,2020,12,30,17,-0.18076666666666688,0.041109433962264144,0.0010411244143675447,-0.13965723270440272
35531,2020,12,30,18,-0.11287499999999982,0.0891244444444444,0.0031331592689296532,-0.023750555555555428
35891,2020,12,30,19,0.19859999999999994,0.18997419354838702,-0.009824198552223384,0.38857419354838696
36046,2020,12,30,20,-0.5622000000000003,0.31254333333333334,-0.023232323232323267,-0.24965666666666692
36076,2020,12,30,21,-0.00824999999999982,-0.005744444444444433,,-0.013994444444444254
36184,2020,12,30,22,-0.074,0.11851212121212121,,0.04451212121212121
36316,2020,12,30,23,-0.38189999999999996,0.15834444444444443,,-0.22355555555555554
36370,2020,12,31,0,0.008139999999999953,0.08902777777777779,,0.09716777777777774
36550,2020,12,31,1,0.09920000000000002,0.0473,,0.14650000000000002
36646,2020,12,31,2,-0.3846333333333324,0.10686052631578949,,-0.2777728070175429
36760,2020,12,31,3,-0.020237499999999894,0.13448709677419346,,0.11424959677419357
37008,2020,12,31,4,0.04933333333333335,0.14188928571428572,,0.19122261904761906
37176,2020,12,31,5,0.11917499999999993,0.07078333333333328,0.0,0.18995833333333323
37800,2020,12,31,6,0.0886999999999998,0.17336202531645561,0.01278772378516635,0.2620620253164554
39064,2020,12,31,7,0.0708999999999987,0.10339816513761473,0.012953367875647714,0.17429816513761343
39827,2020,12,31,8,0.0,0.1792345454545454,-0.0030991735537189147,0.1792345454545454
39992,2020,12,31,9,0.1691666666666658,0.02918860759493671,-0.005138746145940454,0.19835527426160252
40466,2020,12,31,10,0.47530000000000044,0.055037499999999996,0.021522309711285992,0.5303375000000005
40514,2020,12,31,11,0.0,-0.022658333333333336,-0.01652039235931857,-0.022658333333333336
40526,2020,12,31,12,0.2570666666666667,0.19433076923076922,-0.0177484787018255,0.451397435897436
40565,2020,12,31,13,0.19831428571428555,-0.05982631578947372,0.013360739979444869,0.13848796992481183
40698,2020,12,31,14,-0.06826250000000002,0.07033571428571432,0.02474986835176418,0.0020732142857143032
40810,2020,12,31,15,0.441366666666667,-0.05601000000000001,0.009569377990430672,0.385356666666667
40930,2020,12,31,16,0.23042222222222208,0.04874324324324326,0.0005319148936169249,0.27916546546546533
41263,2020,12,31,17,0.09975999999999997,0.13370000000000004,-0.015706806282722585,0.23346
41593,2020,12,31,18,0.09277500000000034,-0.0327,0.012188659247482692,0.06007500000000034
42097,2020,12,31,19,-0.08196666666666665,0.11734246575342462,-0.0005296610169490679,0.035375799086757975
42316,2020,12,31,20,0.036840000000000005,0.07758518518518517,-0.026804123711340225,0.11442518518518519
42586,2020,12,31,21,0.29787142857142895,0.008996969696969706,,0.3068683982683987
42817,2020,12,31,22,0.1669555555555557,0.10949230769230742,,0.2764478632478631
43285,2020,12,31,23,-0.03925000000000018,0.1350831775700933,,0.09583317757009313
43713,2021,1,1,0,-0.08571666666666668,0.1351626865671641,,0.04944601990049742
44115,2021,1,1,1,0.14915714285714218,0.09480545454545451,,0.24396259740259668
44500,2021,1,1,2,0.1479999999999999,0.08798222222222223,,0.23598222222222215
44590,2021,1,1,3,0.17377999999999988,0.18399444444444438,,0.3577744444444443
44860,2021,1,1,4,0.0748750000000006,0.14422115384615386,,0.21909615384615444
45068,2021,1,1,5,0.0,0.06430526315789475,,0.06430526315789475
45144,2021,1,1,6,-0.42780000000000007,0.15373255813953488,,-0.27406744186046517
45187,2021,1,1,7,0.0,0.17695937500000003,,0.17695937500000003
45219,2021,1,1,8,0.0,0.13526800000000003,,0.13526800000000003
45244,2021,1,1,9,0.0,-0.071275,,-0.071275
45252,2021,1,1,10,0.0,-0.12411999999999998,,-0.12411999999999998
45257,2021,1,1,11,0.0,0.14852857142857143,,0.14852857142857143
45264,2021,1,1,12,0.0,0.1008625,,0.1008625
45272,2021,1,1,13,-0.27870000000000006,0.11286,,-0.16584000000000004
45292,2021,1,1,14,0.0,0.07020000000000001,,0.07020000000000001
45300,2021,1,1,15,-0.5267,0.18407,,-0.34262999999999993
45310,2021,1,1,16,0.0,0.09643103448275862,,0.09643103448275862
45397,2021,1,1,17,0.3689,0.13085333333333335,,0.4997533333333334
45457,2021,1,1,18,-0.131675,0.10747037037037038,,-0.024204629629629604
45565,2021,1,1,19,-0.10199999999999972,0.16970000000000005,,0.06770000000000033
45703,2021,1,1,20,0.09649999999999989,0.18825333333333327,,0.2847533333333332
45943,2021,1,1,21,0.0,0.01928103448275862,,0.01928103448275862
46001,2021,1,1,22,-0.05134999999999997,0.03783555555555555,,-0.01351444444444442
46091,2021,1,1,23,0.0,0.058066666666666635,,0.058066666666666635
46133,2021,1,2,0,0.31589999999999985,0.03939999999999999,,0.35529999999999984
46199,2021,1,2,1,0.0,0.14167222222222225,,0.14167222222222225
46235,2021,1,2,2,0.03443333333333343,0.16721851851851854,,0.20165185185185197
46316,2021,1,2,3,-0.16455,0.018557142857142862,,-0.14599285714285715
46344,2021,1,2,4,0.2326333333333331,0.18751875000000004,,0.42015208333333315
46440,2021,1,2,5,0.3522666666666664,0.1887625,,0.5410291666666665
46560,2021,1,2,6,0.17790000000000009,0.16654666666666668,,0.3444466666666668
46590,2021,1,2,7,0.28595,-0.08891249999999999,,0.19703749999999998
46622,2021,1,2,8,0.32249999999999984,0.034792000000000024,,0.3572919999999999
46672,2021,1,2,9,0.0,-0.028772727272727273,,-0.028772727272727273
46683,2021,1,2,10,-0.4389500000000001,0.16917647058823532,,-0.2697735294117648
46717,2021,1,2,11,-0.04726,0.14655555555555558,,0.09929555555555558
46762,2021,1,2,12,0.0,0.03802,,0.03802
46767,2021,1,2,13,-0.5423,-0.09693636363636364,,-0.6392363636363636
46778,2021,1,2,14,0.0,0.07919444444444446,,0.07919444444444446
46832,2021,1,2,15,-0.0625,0.0710227272727273,,0.008522727272727307
46920,2021,1,2,16,0.0,0.09761176470588237,,0.09761176470588237
46937,2021,1,2,17,0.0,0.13787777777777777,,0.13787777777777777
47072,2021,1,2,18,0.0,0.18766666666666668,,0.18766666666666668
47105,2021,1,2,19,0.04857142857142856,0.10870714285714282,,0.15727857142857138
47301,2021,1,2,20,0.0,0.11911333333333332,,0.11911333333333332
47361,2021,1,2,21,0.0,0.2321714285714285,,0.2321714285714285
47431,2021,1,2,22,-0.07230000000000003,0.08607407407407407,,0.013774074074074036
47566,2021,1,2,23,0.0,0.05882368421052632,,0.05882368421052632
47604,2021,1,3,0,0.0,0.014085714285714297,,0.014085714285714297
47632,2021,1,3,1,-0.3399999999999999,0.05863333333333333,,-0.2813666666666666
47662,2021,1,3,2,0.0,-0.07048,,-0.07048
47677,2021,1,3,3,-0.2997,0.2989,,-0.0008000000000000229
47695,2021,1,3,4,0.0,0.16144999999999998,,0.16144999999999998
47703,2021,1,3,5,0.0,0.36341999999999997,,0.36341999999999997
47713,2021,1,3,6,0.0,0.40155454545454544,,0.40155454545454544
47724,2021,1,3,7,0.14799999999999996,0.37292,,0.5209199999999999
47744,2021,1,3,8,0.0,0.16611818181818183,,0.16611818181818183
47755,2021,1,3,9,0.0,0.18646666666666667,,0.18646666666666667
47761,2021,1,3,10,-0.3182,-0.26108000000000003,,-0.57928
47766,2021,1,3,11,0.49135,0.1674,,0.65875
47774,2021,1,3,12,0.0,0.196,,0.196
47778,2021,1,3,13,0.0,0.1009714285714286,,0.1009714285714286
47792,2021,1,3,14,0.0,0.14354,,0.14354
47797,2021,1,3,15,-0.16999999999999998,0.2729428571428572,,0.10294285714285722
47811,2021,1,3,16,0.0,-0.148725,,-0.148725
47815,2021,1,3,17,0.0,0.2090866666666667,,0.2090866666666667
47830,2021,1,3,18,0.09466666666666668,-0.19529999999999997,,-0.1006333333333333
47839,2021,1,3,19,0.06772499999999998,0.3096,,0.37732499999999997
47847,2021,1,3,20,-0.09052000000000004,-0.004929411764705887,,-0.09544941176470594
47932,2021,1,3,21,-0.101325,0.04986666666666667,,-0.05145833333333333
47968,2021,1,3,22,0.0,0.17511666666666667,,0.17511666666666667
47980,2021,1,3,23,0.0,0.008322727272727272,,0.008322727272727272
48002,2021,1,4,0,0.0,0.20248928571428576,,0.20248928571428576
48058,2021,1,4,1,0.0,0.14393414634146343,,0.14393414634146343
48140,2021,1,4,2,0.0,0.03985526315789472,,0.03985526315789472
48292,2021,1,4,3,0.21830000000000005,0.18778333333333339,,0.40608333333333346
48328,2021,1,4,4,0.0,0.08330416666666668,,0.08330416666666668
48352,2021,1,4,5,0.0,0.11952068965517243,0.002583979328165231,0.11952068965517243
48381,2021,1,4,6,0.0,0.2985642857142857,,0.2985642857142857
48395,2021,1,4,7,0.0,0.09480666666666668,0.01842105263157912,0.09480666666666668
48410,2021,1,4,8,-0.05135,0.1558375,0.0021097046413500737,0.10448749999999998
48426,2021,1,4,9,0.0,-0.12378,0.08777969018932885,-0.12378
48436,2021,1,4,10,0.0,0.0855375,-0.005136986301369828,0.0855375
48444,2021,1,4,11,0.29599999999999993,-0.15495454545454546,-0.00397953382603755,0.14104545454545447
48455,2021,1,4,12,-0.4404,0.32861818181818186,-0.0045274476513866855,-0.11178181818181815
48466,2021,1,4,13,0.10398333333333333,-0.046,0.00569151963574277,0.05798333333333333
48526,2021,1,4,14,0.0,-0.05589999999999999,0.009190120620333088,-0.05589999999999999
48554,2021,1,4,15,0.15527999999999997,0.05517272727272729,0.009860788863109038,0.21045272727272726
48664,2021,1,4,16,0.011811111111111163,-0.11167499999999998,-0.007484168105929889,-0.09986388888888882
48772,2021,1,4,17,0.08067499999999975,0.12206507936507946,-0.0017241379310343195,0.2027400793650792
49528,2021,1,4,18,-0.04881538461538462,-0.019950000000000013,-0.00400686891814539,-0.06876538461538463
49892,2021,1,4,19,0.45293333333333385,0.13910757575757576,0.005757052389176565,0.5920409090909096
50090,2021,1,4,20,0.0,0.07221960784313727,0.006956521739130528,0.07221960784313727
50345,2021,1,4,21,0.14770000000000033,-0.0731135135135135,,0.07458648648648683
50604,2021,1,4,22,-0.15320000000000003,0.01606296296296297,,-0.13713703703703706
50820,2021,1,4,23,0.18883999999999995,0.1111590909090909,,0.2999990909090908
50930,2021,1,5,0,0.4019,-0.10412272727272724,,0.2977772727272727
50974,2021,1,5,1,-0.10606666666666656,0.09546829268292682,,-0.010598373983739737
51097,2021,1,5,2,0.21989999999999998,-0.026009090909090905,,0.19389090909090909
51130,2021,1,5,3,0.0,0.05723404255319149,,0.05723404255319149
51177,2021,1,5,4,0.2585000000000002,0.012820833333333333,,0.2713208333333335
51249,2021,1,5,5,0.3802000000000001,-0.133,-0.014285714285714237,0.2472000000000001
51267,2021,1,5,6,0.18973333333333317,0.08494285714285714,,0.2746761904761903
51351,2021,1,5,7,0.2454666666666666,0.013521428571428573,0.01156069364161838,0.2589880952380952
51393,2021,1,5,8,0.0,0.13093000000000005,0.011695906432748426,0.13093000000000005
51403,2021,1,5,9,0.0,-0.0903,-0.033898305084745665,-0.0903
51407,2021,1,5,10,0.0,0.4322,0.008547008547008517,0.4322
51410,2021,1,5,11,-0.0335,0.0,-0.0005694760820044165,-0.0335
51412,2021,1,5,12,0.0,0.2294,-0.0045351473922903285,0.2294
51416,2021,1,5,13,-0.19529999999999997,0.2446466666666667,0.00857632933104635,0.04934666666666673
51461,2021,1,5,14,-0.15864999999999999,0.1499,0.012738853503184709,-0.00874999999999998
51467,2021,1,5,15,0.22599999999999992,0.2061117647058824,-0.005184331797234987,0.4321117647058823
51620,2021,1,5,16,0.25714285714285756,0.07220227272727273,-0.0068649885583524925,0.3293451298701303
51928,2021,1,5,17,-0.1369600000000006,0.08934736842105263,-0.0005717552887363198,-0.047612631578947975
52213,2021,1,5,18,0.25534000000000034,0.14741136363636365,0.0,0.402751363636364
52433,2021,1,5,19,-0.08510000000000001,0.07608936170212768,-0.005119453924914641,-0.009010638297872325
52715,2021,1,5,20,0.25616666666666726,-0.07020555555555556,0.016184971098265773,0.1859611111111117
53039,2021,1,5,21,0.14259999999999995,0.03844,,0.18103999999999995
53144,2021,1,5,22,0.28544000000000025,0.06123559322033898,,0.34667559322033925
53439,2021,1,5,23,0.0,0.08532212389380531,,0.08532212389380531
53552,2021,1,6,0,0.0,0.08557,,0.08557
53632,2021,1,6,1,-0.15843333333333348,0.14813600000000005,,-0.010297333333333436
53782,2021,1,6,2,0.08939999999999998,0.030089062500000027,,0.1194890625
54166,2021,1,6,3,0.0,-0.06523409090909092,,-0.06523409090909092
54210,2021,1,6,4,-0.17914000000000002,0.19356808510638296,,0.014428085106382937
54445,2021,1,6,5,0.518199999999999,0.11997179487179482,0.0017371163867980766,0.6381717948717938
54562,2021,1,6,6,0.0,-0.0190342105263158,-0.01707455890722831,-0.0190342105263158
54600,2021,1,6,7,0.0,0.09270833333333332,,0.09270833333333332
54636,2021,1,6,8,0.6908,0.10536875,0.0011396011396012096,0.79616875
54652,2021,1,6,9,-0.0772,0.10722000000000002,-0.0034071550255535548,0.03002000000000002
54657,2021,1,6,10,0.5399000000000002,0.14533846153846153,-0.04293478260869565,0.6852384615384617
54670,2021,1,6,11,-0.3182,-0.009949999999999995,-0.014989293361884481,-0.32815
54682,2021,1,6,12,0.0,0.11439333333333333,-0.005324813631522929,0.11439333333333333
54697,2021,1,6,13,0.24967500000000004,0.19041999999999998,-0.0021253985122210444,0.440095
54737,2021,1,6,14,0.3715,0.2617833333333333,0.03236423477783878,0.6332833333333333
54749,2021,1,6,15,0.0843,0.03751764705882352,-0.008700380641653127,0.12181764705882352
54919,2021,1,6,16,-0.1355750000000001,0.2251514285714286,0.004918032786885185,0.0895764285714285
55059,2021,1,6,17,0.1272666666666666,0.009114285714285712,-0.02659574468085102,0.13638095238095232
55206,2021,1,6,18,0.28249999999999986,0.05995999999999999,0.01566720691518086,0.3424599999999999
55266,2021,1,6,19,0.18747499999999997,-0.009149999999999997,-0.010160427807486494,0.17832499999999998
55450,2021,1,6,20,0.09866666666666665,0.18032222222222224,-0.01734104046242779,0.2789888888888889
55477,2021,1,6,21,0.04582499999999981,-0.026017647058823538,,0.019807352941176273
55545,2021,1,6,22,0.07078750000000002,-0.23348749999999993,,-0.1626999999999999
55609,2021,1,6,23,0.2237749999999999,0.08562499999999998,,0.3093999999999999
55673,2021,1,7,0,-0.12970000000000004,0.15002500000000002,,0.020324999999999982
55733,2021,1,7,1,-0.09866666666666667,0.0,,-0.09866666666666667
55739,2021,1,7,2,-0.1027,0.10725000000000001,,0.004550000000000012
55743,2021,1,7,3,0.33666666666666684,0.14974166666666663,,0.48640833333333344
55779,2021,1,7,4,0.0,-0.013606666666666663,,-0.013606666666666663
55854,2021,1,7,5,-0.16890000000000002,0.12269000000000001,,-0.046210000000000015
55864,2021,1,7,6,0.0,0.34672500000000006,0.0015789473684211242,0.34672500000000006
55880,2021,1,7,7,0.0,0.08978,0.0,0.08978
55885,2021,1,7,8,0.0,-0.048685714285714284,0.0,-0.048685714285714284
55892,2021,1,7,9,0.0,0.17020000000000002,-0.020618556701030855,0.17020000000000002
55895,2021,1,7,10,0.0,-0.5104500000000001,0.029177718832891,-0.5104500000000001
55897,2021,1,7,11,0.0,-0.06914000000000001,0.015625000000000222,-0.06914000000000001
55902,2021,1,7,12,0.0,0.0,-0.0010764262648008671,0.0
55903,2021,1,7,13,0.1998,0.0,0.010331702011962872,0.1998
55906,2021,1,7,14,-0.0010000000000000009,0.0,0.006017505470459428,-0.0010000000000000009
55908,2021,1,7,15,-0.18060000000000004,0.1783857142857143,0.008830022075055233,-0.002214285714285752
55922,2021,1,7,16,0.47240000000000026,0.11404193548387098,-0.007123287671232825,0.5864419354838712
55953,2021,1,7,17,0.09866666666666657,0.06749032258064518,0.0,0.16615698924731176
56139,2021,1,7,18,0.2959999999999998,0.11015909090909094,-0.0005476451259585068,0.40615909090909075
56183,2021,1,7,19,0.0,0.10185500000000003,-0.0076086956521737035,0.10185500000000003
56223,2021,1,7,20,0.17790000000000006,0.041157894736842116,0.01713653952459926,0.21905789473684217
56242,2021,1,7,21,0.0,0.043187096774193565,,0.043187096774193565
56273,2021,1,7,22,0.0,0.05553000000000001,,0.05553000000000001
56293,2021,1,7,23,0.21075,0.07746315789473684,,0.28821315789473684
56369,2021,1,8,0,-0.32244999999999996,-0.03069999999999999,,-0.35314999999999996
56393,2021,1,8,1,0.0,0.24095833333333336,,0.24095833333333336
56405,2021,1,8,2,0.0,0.014299999999999995,,0.014299999999999995
56412,2021,1,8,3,0.0,0.25955,,0.25955
56426,2021,1,8,4,-0.1404,-0.08543333333333333,,-0.22583333333333333
56444,2021,1,8,5,0.34,0.11364,,0.45364000000000004
56449,2021,1,8,6,0.0,-0.09517142857142857,-0.0136314067611778,-0.09517142857142857
56470,2021,1,8,7,0.0,0.08233749999999998,,0.08233749999999998
56478,2021,1,8,8,0.0,0.3614428571428571,0.0005455537370431252,0.3614428571428571
56485,2021,1,8,9,0.0,-0.42419999999999997,0.04147727272727253,-0.42419999999999997
56488,2021,1,8,10,0.0,0.25851999999999997,0.0017074558907228534,0.25851999999999997
56493,2021,1,8,11,0.0,0.0,0.0011396011396012096,0.0
56494,2021,1,8,12,0.0,0.0,-0.01845637583892612,0.0
56495,2021,1,8,13,0.7783,-0.026624999999999982,0.015909090909090873,0.751675
56499,2021,1,8,14,0.4033142857142857,0.0,-0.015659955257270597,0.4033142857142857
56506,2021,1,8,15,0.16507500000000003,0.25599999999999995,0.010740531373657271,0.421075
56518,2021,1,8,16,0.11124000000000007,0.11819722222222227,-0.0117318435754189,0.22943722222222235
56698,2021,1,8,17,0.13958000000000015,0.029180487804878055,0.0,0.1687604878048782
56903,2021,1,8,18,0.10276666666666658,0.10233414634146344,-0.003895381190873737,0.20510081300813002
57149,2021,1,8,19,-0.007640000000000001,0.009387500000000005,0.015254237288135462,0.0017475000000000043
57309,2021,1,8,20,0.1387,0.21079666666666658,0.03327495621716281,0.34949666666666657
57579,2021,1,8,21,0.27940000000000065,0.17814799999999995,,0.4575480000000006
57729,2021,1,8,22,-0.15283333333333346,0.050672727272727265,,-0.1021606060606062
57828,2021,1,8,23,-0.08567999999999998,0.08865882352941172,,0.002978823529411742
57998,2021,1,9,0,0.059199999999999996,0.08191999999999998,,0.14111999999999997
58073,2021,1,9,1,0.0,0.039470588235294105,,0.039470588235294105
58158,2021,1,9,2,0.7350999999999996,0.1140380952380952,,0.8491380952380948
58179,2021,1,9,3,0.4019000000000001,0.09869166666666669,,0.5005916666666668
58203,2021,1,9,4,0.0,0.19568999999999998,,0.19568999999999998
58213,2021,1,9,5,0.0,-0.05751666666666666,,-0.05751666666666666
58219,2021,1,9,6,0.0,0.07025833333333333,,0.07025833333333333
58231,2021,1,9,7,0.0,-0.042333333333333355,,-0.042333333333333355
58234,2021,1,9,8,0.0,0.0,,0.0
58235,2021,1,9,9,0.0,0.3239666666666667,,0.3239666666666667
58238,2021,1,9,10,0.0,0.10251428571428571,,0.10251428571428571
58245,2021,1,9,11,0.0,-0.04773,,-0.04773
58255,2021,1,9,12,0.0,0.30605,,0.30605
58259,2021,1,9,13,0.8636,-0.4566666666666667,,0.4069333333333333
58262,2021,1,9,14,0.0,-0.0031666666666666696,,-0.0031666666666666696
58268,2021,1,9,15,0.0,0.020112500000000005,,0.020112500000000005
58276,2021,1,9,16,0.0,0.08595714285714284,,0.08595714285714284
58283,2021,1,9,17,0.4168,-0.03251666666666666,,0.38428333333333337
58289,2021,1,9,18,0.0,0.08231666666666666,,0.08231666666666666
58295,2021,1,9,19,0.0,0.0,,0.0
58297,2021,1,9,20,0.2235,0.11313333333333335,,0.33663333333333334
58303,2021,1,9,21,0.05230769230769229,-0.056924999999999955,,-0.004617307692307664
58407,2021,1,9,22,0.038275,0.3188,,0.357075
58443,2021,1,9,23,0.010233333333333379,-0.05032222222222223,,-0.040088888888888854
58497,2021,1,10,0,0.3864599999999999,0.2962000000000001,,0.68266
58542,2021,1,10,1,0.148,-0.08201666666666667,,0.06598333333333332
58554,2021,1,10,2,-0.18528,0.09105882352941176,,-0.09422117647058824
58639,2021,1,10,3,0.068,-0.12602000000000002,,-0.058020000000000016
58664,2021,1,10,4,0.436,-0.01873076923076923,,0.4172692307692308
58690,2021,1,10,5,0.0,0.15537333333333336,,0.15537333333333336
58705,2021,1,10,6,0.7096,0.06833571428571429,,0.7779357142857143
58719,2021,1,10,7,0.0,0.180325,,0.180325
58723,2021,1,10,8,-0.38180000000000003,-0.008342857142857152,,-0.3901428571428572
58730,2021,1,10,9,0.0,0.07955,,0.07955
58734,2021,1,10,10,0.0,0.22998461538461537,,0.22998461538461537
58747,2021,1,10,11,0.0,0.08429999999999999,,0.08429999999999999
58753,2021,1,10,12,0.0,-0.29286,,-0.29286
58758,2021,1,10,13,0.3040750000000001,-0.08235999999999999,,0.2217150000000001
58778,2021,1,10,14,-0.09966666666666658,0.06441428571428569,,-0.035252380952380896
58799,2021,1,10,15,0.0,0.08157857142857146,,0.08157857142857146
58841,2021,1,10,16,0.1212333333333333,0.03484499999999999,,0.1560783333333333
58901,2021,1,10,17,0.0,0.09580370370370368,,0.09580370370370368
58928,2021,1,10,18,0.0,0.04839999999999999,,0.04839999999999999
58958,2021,1,10,19,0.0,-0.015491666666666673,,-0.015491666666666673
59006,2021,1,10,20,0.0,0.05888888888888888,,0.05888888888888888
59024,2021,1,10,21,0.4754000000000003,0.14682424242424244,,0.6222242424242428
59090,2021,1,10,22,0.0,0.16361176470588237,,0.16361176470588237
59107,2021,1,10,23,0.0,-0.07109285714285714,,-0.07109285714285714
59121,2021,1,11,0,0.0,0.10212272727272728,,0.10212272727272728
59209,2021,1,11,1,0.15293333333333334,0.2633,,0.41623333333333334
59230,2021,1,11,2,-0.21843333333333342,0.11877222222222222,,-0.0996611111111112
59284,2021,1,11,3,0.0,0.04896842105263158,,0.04896842105263158
59303,2021,1,11,4,0.0,0.20184375000000002,,0.20184375000000002
59335,2021,1,11,5,0.17020000000000002,0.07446875000000003,0.0005841121495326894,0.24466875000000005
59431,2021,1,11,6,-0.22479999999999978,0.14490714285714285,-0.00465116279069755,-0.07989285714285693
59473,2021,1,11,7,0.0,0.03786666666666667,-0.20037192003719206,0.03786666666666667
59482,2021,1,11,8,0.0,-0.02043000000000001,0.12031250000000004,-0.02043000000000001
59502,2021,1,11,9,0.3243,0.03952857142857144,-0.06341463414634152,0.3638285714285714
59544,2021,1,11,10,0.0,0.14640833333333333,0.06107660455486541,0.14640833333333333
59556,2021,1,11,11,0.0,0.09721111111111111,-0.002581311306143585,0.09721111111111111
59565,2021,1,11,12,0.031018750000000025,-0.11379999999999998,-0.012238653748087636,-0.08278124999999996
59805,2021,1,11,13,0.17127619047619072,0.01484000000000002,-0.03730976926853225,0.18611619047619074
60015,2021,1,11,14,0.046361538461538135,0.11212528735632202,0.026713709677419484,0.15848682581786017
61146,2021,1,11,15,0.04378749999999991,0.103154255319149,-0.0045158053186151745,0.1469417553191489
62650,2021,1,11,16,-0.004914285714286105,0.06596258992805745,0.0,0.061048304213771346
63623,2021,1,11,17,0.0245928571428566,0.03957844827586206,-0.001002506265664116,0.06417130541871865
65247,2021,1,11,18,0.12468571428571404,0.08358787878787877,-0.0054835493519441725,0.2082735930735928
65709,2021,1,11,19,0.024783333333333216,0.07099450549450548,-0.0019900497512439497,0.09577783882783869
66255,2021,1,11,20,0.1826142857142847,0.05931818181818177,0.0050000000000001155,0.24193246753246647
66948,2021,1,11,21,0.0009000000000000132,0.05213749999999998,,0.053037499999999994
67524,2021,1,11,22,-0.01629999999999992,0.06214821428571426,,0.04584821428571434
67692,2021,1,11,23,0.0,0.1702438202247191,,0.1702438202247191
67781,2021,1,12,0,0.0,0.15460281690140842,,0.15460281690140842
67852,2021,1,12,1,0.16210000000000038,0.2832717948717947,,0.4453717948717951
68047,2021,1,12,2,0.37159999999999943,0.07374736842105264,,0.44534736842105205
68161,2021,1,12,3,0.0,0.12195000000000002,,0.12195000000000002
68213,2021,1,12,4,0.0,0.09959523809523811,,0.09959523809523811
68255,2021,1,12,5,0.0,0.09499767441860466,0.0,0.09499767441860466
68298,2021,1,12,6,-0.2517000000000003,0.10733793103448276,-0.011369253583786487,-0.14436206896551756
68385,2021,1,12,7,0.0,0.08333529411764706,0.011500000000000066,0.08333529411764706
68453,2021,1,12,8,-0.02580000000000002,0.08666363636363636,0.001502253380070151,0.06086363636363634
68497,2021,1,12,9,0.0,0.004628571428571428,0.018357980622131453,0.004628571428571428
68511,2021,1,12,10,0.0,0.06256666666666666,-0.029207920792079237,0.06256666666666666
68538,2021,1,12,11,0.04290000000000004,0.13434285714285712,0.007984031936127733,0.17724285714285717
68566,2021,1,12,12,0.0,0.225275,-0.004470938897168431,0.225275
68574,2021,1,12,13,0.0,0.08857272727272726,0.013085052843482492,0.08857272727272726
68596,2021,1,12,14,0.15017999999999984,-0.04643181818181818,0.004042445679636186,0.10374818181818166
68706,2021,1,12,15,0.0,0.0058350000000000155,-0.007522567703109438,0.0058350000000000155
68726,2021,1,12,16,0.0,0.16564000000000004,-0.002999999999999892,0.16564000000000004
68786,2021,1,12,17,0.04546666666666672,0.15063529411764706,-0.0014977533699451762,0.19610196078431377
68888,2021,1,12,18,0.0,0.08177058823529411,-0.0034825870646766344,0.08177058823529411
68905,2021,1,12,19,0.38512499999999994,0.31686666666666663,-0.002481389578163684,0.7019916666666666
69001,2021,1,12,20,-0.19984999999999936,0.00872307692307694,0.0,-0.19112692307692242
69261,2021,1,12,21,0.1147,-0.04379999999999999,,0.0709
69345,2021,1,12,22,0.0,0.07760285714285714,,0.07760285714285714
69380,2021,1,12,23,0.3055999999999996,0.12767446808510635,,0.43327446808510595
69521,2021,1,13,0,0.1307999999999998,0.13006857142857142,,0.2608685714285712
69661,2021,1,13,1,0.0,0.17567812500000002,,0.17567812500000002
69725,2021,1,13,2,-0.0106250000000001,0.17883103448275867,,0.16820603448275856
69841,2021,1,13,3,0.2440666666666667,0.12054444444444447,,0.36461111111111116
69895,2021,1,13,4,0.0,0.004073684210526311,,0.004073684210526311
69933,2021,1,13,5,0.0,0.04484736842105264,-0.01031434184675839,0.04484736842105264
69971,2021,1,13,6,0.0,0.014191304347826063,,0.014191304347826063
70040,2021,1,13,7,-0.3948,-0.2603125,0.0019685039370078705,-0.6551125
70056,2021,1,13,8,0.0,0.011330000000000012,-0.003433055419323261,0.011330000000000012
70066,2021,1,13,9,0.0,0.3872111111111111,-0.10999563509384548,0.3872111111111111
70084,2021,1,13,10,0.0,0.1767153846153846,-0.200349040139616,0.1767153846153846
70097,2021,1,13,11,0.11470000000000001,0.1894571428571429,-0.09763779527559058,0.3041571428571429
70125,2021,1,13,12,0.4184999999999999,0.3065181818181818,-0.07461381521422328,0.7250181818181818
70147,2021,1,13,13,-0.5281666666666665,0.09754399999999999,0.02356801909307871,-0.4306226666666665
70222,2021,1,13,14,-0.022861111111111113,0.10271621621621627,0.014834998486224603,0.07985510510510516
70888,2021,1,13,15,0.013371794871794908,0.06962444444444428,0.05057251908396943,0.08299623931623919
72643,2021,1,13,16,0.08142600000000129,0.07579113924050615,0.006080000000000085,0.15721713924050745
76593,2021,1,13,17,0.12277714285714109,0.04729932885906065,-0.024047470331043156,0.17007647171620174
87023,2021,1,13,18,0.09130689655172312,0.04804924012157969,-0.01294697903822428,0.13935613667330282
96564,2021,1,13,19,0.08008000000000065,0.061397674418603845,-0.01097560975609757,0.14147767441860448
102584,2021,1,13,20,0.015605263157895748,0.10998813559322063,-0.1255665155958411,0.1255933987511164
107068,2021,1,13,21,0.21631999999999896,0.11927704918032792,,0.33559704918032685
109508,2021,1,13,22,0.09903999999999885,0.1269728813559318,,0.22601288135593064
113048,2021,1,13,23,0.10323437500000059,0.14648318584070766,,0.24971756084070823
116664,2021,1,14,0,0.08703333333333296,0.11543157894736866,,0.20246491228070163
118260,2021,1,14,1,0.1131049999999993,0.0916285714285715,,0.2047335714285708
120780,2021,1,14,2,0.09728484848484825,0.07530227272727272,,0.17258712121212097
123684,2021,1,14,3,0.27122400000000013,0.13481884057971033,,0.40604284057971046
125409,2021,1,14,4,0.05012083333333237,0.16016372549019647,,0.21028455882352884
127857,2021,1,14,5,0.23685714285714002,0.0747135135135134,0.04194444444444434,0.3115706563706534
129411,2021,1,14,6,0.2302250000000028,0.08226439393939391,0.0,0.3124893939393967
130467,2021,1,14,7,0.018266666666666646,0.0032545454545454596,-0.019073569482288888,0.021521212121212108
132051,2021,1,14,8,0.07104999999999993,0.03696619718309862,0.004103967168262779,0.10801619718309854
132619,2021,1,14,9,0.11407500000000022,0.04745342465753427,0.040125213431986266,0.16152842465753448
133203,2021,1,14,10,0.0930000000000003,0.15782456140350853,-0.002271436683702444,0.25082456140350884
134001,2021,1,14,11,0.11309999999999937,0.04089883720930233,-0.04501084598698489,0.1539988372093017
134947,2021,1,14,12,0.08408095238095215,0.13101794871794856,-0.029473684210526208,0.2150989010989007
137404,2021,1,14,13,0.0904612903225804,0.11463284671532822,-0.02338730403495237,0.20509413703790863
141651,2021,1,14,14,0.07802499999999889,0.05576999999999961,-0.00941955193482702,0.1337949999999985
146771,2021,1,14,15,0.06548235294117584,0.08198695652173901,-0.016032064128256533,0.14746930946291487
151072,2021,1,14,16,0.2153519999999901,0.09796899563318746,0.0073176886197325874,0.31332099563317756
156797,2021,1,14,17,0.08770303030303095,0.07648999999999898,-0.06400566839867737,0.16419303030302992
164387,2021,1,14,18,-0.05062424242424231,0.13687905405405443,0.009537434430138436,0.08625481162981212
169271,2021,1,14,19,0.07883571428571402,0.058389908256880466,-0.0014285714285714455,0.1372256225425945
178427,2021,1,14,20,0.02832105263157906,0.05094218009478667,0.004784688995215447,0.07926323272636573
182436,2021,1,14,21,0.0767809523809509,0.12116956521739065,,0.19795051759834154
186300,2021,1,14,22,0.10487692307692223,0.06353539325842636,,0.1684123163353486
190928,2021,1,14,23,0.13147199999999887,0.10739939393939338,,0.23887139393939225
195053,2021,1,15,0,0.16891176470588554,0.06772815533980588,,0.2366399200456914
196804,2021,1,15,1,0.15000000000000013,0.11303545454545431,,0.26303545454545446
199114,2021,1,15,2,0.07879047619047641,0.06212020202020208,,0.14091067821067849
201193,2021,1,15,3,0.06253125000000048,0.11436407766990264,,0.17689532766990312
202841,2021,1,15,4,0.1759588235294113,0.07704639175257735,,0.25300521528198866
204490,2021,1,15,5,0.20188823529412103,0.10093518518518536,0.03980099502487544,0.3028234204793064
206326,2021,1,15,6,0.10377000000000118,0.054603896103895995,-0.013254786450662692,0.15837389610389718
207866,2021,1,15,7,0.07104545454545484,0.017134188034188032,0.05845674201091189,0.08817964257964288
209153,2021,1,15,8,0.08049230769230764,0.03358271604938269,0.004960835509138617,0.11407502374169033
210206,2021,1,15,9,0.11919374999999946,-0.04038666666666667,0.024338058304359308,0.07880708333333279
210926,2021,1,15,10,-0.11654999999999964,0.05074067796610166,0.021026761332605167,-0.06580932203389797
211752,2021,1,15,11,0.10077333333333224,0.10646956521739116,0.07044723764980998,0.20724289855072342
213822,2021,1,15,12,0.056708108108108016,0.12024821428571388,-0.04494695700725848,0.1769563223938219
215894,2021,1,15,13,0.04776666666666622,0.09309038461538435,-0.004170141784820669,0.14085705128205056
221042,2021,1,15,14,-0.045085000000002304,0.017166107382550342,-0.05067300079176573,-0.027918892617451962
227002,2021,1,15,15,-0.17833684210526204,0.03957499999999977,0.06762468300929836,-0.13876184210526227
234526,2021,1,15,16,-0.08105999999999561,0.05789685534591203,0.003960396039603964,-0.023163144654083576
242476,2021,1,15,17,0.010804347826086502,0.06093898305084742,0.0028368794326241176,0.07174333087693392
249261,2021,1,15,18,0.00736500000000012,0.07985142857142853,-0.01810584958217265,0.08721642857142865
251361,2021,1,15,19,0.017897058823529176,0.10691525423728795,-0.002777777777777768,0.12481231306081714
255373,2021,1,15,20,0.009896153846154571,0.09225252525252506,-0.11980440097799505,0.10214867909867963
260521,2021,1,15,21,0.14007741935483833,0.13743582089552187,,0.27751324025036017
266752,2021,1,15,22,0.012775000000000097,0.07464074074074041,,0.0874157407407405
271288,2021,1,15,23,0.08091935483871072,0.0748201005025125,,0.15573945534122324
277457,2021,1,16,0,0.05546086956521743,0.06704553990610335,,0.12250640947132077
282356,2021,1,16,1,-0.044006249999998664,0.08752674897119406,,0.04352049897119539
290132,2021,1,16,2,0.03753846153846201,0.09520773809523783,,0.13274619963369985
294500,2021,1,16,3,0.025547826086956885,0.15630000000000135,,0.18184782608695824
298824,2021,1,16,4,0.24245652173914067,0.08874198113207461,,0.3311985028712153
303700,2021,1,16,5,0.10815238095238078,0.053840845070422624,,0.16199322602280342
306682,2021,1,16,6,0.028062500000000632,0.08451392405063318,,0.11257642405063381
309210,2021,1,16,7,0.08763529411764721,0.06277952755905505,,0.15041482167670228
311369,2021,1,16,8,0.08895000000000007,0.05717461538461533,,0.1461246153846154
311629,2021,1,16,9,0.06803333333333345,0.09008404255319148,,0.1581173758865249
312193,2021,1,16,10,0.0874142857142854,0.050157894736842075,,0.13757218045112748
312991,2021,1,16,11,0.14500000000000005,0.12279743589743584,,0.2677974358974359
313264,2021,1,16,12,0.19372222222222177,0.05752888888888879,,0.25125111111111054
314074,2021,1,16,13,-0.23534285714285702,0.15285128205128204,,-0.08249157509157498
314347,2021,1,16,14,0.18033750000000018,0.05691964285714273,,0.23725714285714292
315243,2021,1,16,15,0.1699846153846153,0.06766323529411766,,0.23764785067873295
316127,2021,1,16,16,0.038341666666666475,0.03035411764705874,,0.06869578431372522
317147,2021,1,16,17,0.12482222222222131,0.10105322580645129,,0.2258754480286726
319379,2021,1,16,18,-0.007115384615384342,0.14085922330097086,,0.13374383868558654
320718,2021,1,16,19,0.15950000000000028,0.0948886524822696,,0.2543886524822699
322410,2021,1,16,20,0.005888888888888729,0.10137573964497033,,0.10726462853385907
323931,2021,1,16,21,0.12275416666666598,0.09531085271317749,,0.21806501937984346
327027,2021,1,16,22,0.06907058823529352,0.15847835820895567,,0.2275489464442492
329305,2021,1,16,23,-0.02356153846153745,0.057443624161073854,,0.03388208569953641
331242,2021,1,17,0,-0.09185999999999914,0.04100151515151516,,-0.05085848484848398
333222,2021,1,17,1,0.014878571428571349,0.12080480000000003,,0.13568337142857137
334972,2021,1,17,2,0.18526153846153787,0.04174899328859054,,0.22701053175012842
336909,2021,1,17,3,0.03620000000000019,0.018843137254901967,,0.05504313725490216
338592,2021,1,17,4,0.39654000000000306,0.08252773109243694,,0.47906773109244
339187,2021,1,17,5,0.11160000000000136,0.050721698113207384,,0.16232169811320873
340141,2021,1,17,6,0.12117142857142787,0.03943124999999998,,0.16060267857142785
340701,2021,1,17,7,0.2482200000000002,0.11337719298245609,,0.3615971929824563
341271,2021,1,17,8,0.15029999999999963,0.18786022727272716,,0.33816022727272677
341799,2021,1,17,9,0.14229999999999976,0.12726315789473686,,0.2695631578947366
342027,2021,1,17,10,0.0,0.005845454545454547,,0.005845454545454547
342159,2021,1,17,11,0.27396666666666625,0.07094897959183674,,0.344915646258503
342306,2021,1,17,12,0.0,0.1532827586206896,,0.1532827586206896
342480,2021,1,17,13,0.07646666666666667,0.04788108108108108,,0.12434774774774775
342702,2021,1,17,14,0.07512999999999993,0.09678260869565221,,0.17191260869565214
343162,2021,1,17,15,-0.08707499999999979,0.20950294117647045,,0.12242794117647066
343706,2021,1,17,16,-0.08601111111111151,0.18682527472527455,,0.10081416361416304
344525,2021,1,17,17,-0.13158461538461622,0.14561949152542367,,0.01403487614080745
346059,2021,1,17,18,-0.07656923076923093,0.10274697986577189,,0.026177749096540956
347996,2021,1,17,19,0.0943300000000014,0.09490165289256218,,0.18923165289256358
350416,2021,1,17,20,0.011030434782607347,0.058048412698412544,,0.06907884748101989
353314,2021,1,17,21,0.0415526315789495,0.09147076023391786,,0.13302339181286735
356563,2021,1,17,22,0.1266846153846142,0.08909485714285724,,0.21577947252747143
358838,2021,1,17,23,0.018816666666666475,0.08857872340425554,,0.10739539007092203
360530,2021,1,18,0,0.2110823529411702,0.10834937500000026,,0.3194317279411705
363250,2021,1,18,1,-0.015449999999999835,0.08875175438596487,,0.07330175438596503
364846,2021,1,18,2,0.033449999999999994,0.12497528089887644,,0.15842528089887642
365914,2021,1,18,3,0.1999999999999974,0.08852403846153849,,0.2885240384615359
367682,2021,1,18,4,-0.07700000000000123,0.03584999999999998,,-0.041150000000001255
368082,2021,1,18,5,-0.2610999999999979,0.13869122807017542,,-0.12240877192982247
368652,2021,1,18,6,0.258177777777777,0.20494218749999993,,0.46311996527777693
369228,2021,1,18,7,0.08706111111111058,0.04619870129870135,,0.13325981240981194
370614,2021,1,18,8,-0.005187500000000102,0.1182870370370371,,0.11309953703703698
371046,2021,1,18,9,0.238120000000001,0.06887397260273963,,0.30699397260274064
372506,2021,1,18,10,0.00030909090909111617,0.07278160919540218,,0.0730907001044933
373463,2021,1,18,11,0.05249473684210484,0.09748301886792442,,0.14997775571002925
374470,2021,1,18,12,0.011966666666666848,0.04344050632911398,,0.05540717299578083
375181,2021,1,18,13,0.0020105263157895762,0.0726280898876404,,0.07463861620342997
376872,2021,1,18,14,-0.04165555555555525,0.0004980582524271907,,-0.04115749730312806
378726,2021,1,18,15,0.1320833333333294,0.09910543478260843,,0.2311887681159378
383142,2021,1,18,16,-0.005383999999999927,0.060407142857143194,,0.05502314285714327
387342,2021,1,18,17,0.0768848484848521,0.0878741935483875,,0.1647590420332396
396549,2021,1,18,18,0.12478437499999984,0.14164611398963703,,0.26643048898963684
402725,2021,1,18,19,0.13177586206897063,0.11807668161435039,,0.24985254368332102
409192,2021,1,18,20,0.06150000000000037,0.11724635416666657,,0.17874635416666693
414568,2021,1,18,21,0.10146785714285782,0.1360005524861884,,0.2374684096290462
419636,2021,1,18,22,0.035689473684213144,0.11545550239234448,,0.15114497607655764
423607,2021,1,18,23,-0.06707727272727225,0.09011244813278035,,0.023035175405508104
428909,2021,1,19,0,0.11411428571428392,0.10407453874538761,,0.21818882445967153
436497,2021,1,19,1,0.10608095238095273,0.073940776699029,,0.18002172907998173
440823,2021,1,19,2,-0.009071428571428264,0.09902047619047603,,0.08994904761904778
446703,2021,1,19,3,0.07751176470588246,0.07916535947712401,,0.15667712418300647
449304,2021,1,19,4,0.0781750000000007,0.0680712707182318,,0.14624627071823249
453648,2021,1,19,5,0.0426866666666674,0.10041093750000006,-0.008484848484848541,0.14309760416666745
455568,2021,1,19,6,0.008799999999999848,0.11417446808510628,0.02255825483391161,0.12297446808510613
457448,2021,1,19,7,0.013556249999999796,0.07418749999999996,0.05106826472120907,0.08774374999999976
459880,2021,1,19,8,-0.09266666666666772,0.14095949367088612,-0.06115459882583174,0.0482928270042184
460117,2021,1,19,9,0.14472999999999905,0.13987884615384613,0.003436426116838476,0.2846088461538452
461157,2021,1,19,10,0.0334318181818179,0.08588214285714282,0.07891949152542388,0.11931396103896072
462389,2021,1,19,11,0.13010909090909065,0.07795544554455437,-0.04694598687531548,0.20806453645364503
463500,2021,1,19,12,0.018318749999999922,0.1159528089887639,-0.059354226020892686,0.1342715589887638
464924,2021,1,19,13,-0.0042066666666667005,0.11108431372549021,0.028822667318026293,0.10687764705882351
466454,2021,1,19,14,0.0008782608695648041,0.05235882352941192,0.016385302879841083,0.053237084398976724
468800,2021,1,19,15,-0.0004214285714285833,0.06735083333333333,0.019488737028600545,0.06692940476190475
472160,2021,1,19,16,0.20824444444444382,0.0570412280701754,0.017250257466529195,0.2652856725146192
474212,2021,1,19,17,0.06958620689655083,0.036952427184466057,-0.0012856775520698749,0.10653863408101688
480186,2021,1,19,18,0.09653157894736686,0.09463719806763282,0.0036129032258065408,0.19116877701499968
484119,2021,1,19,19,0.015467999999999461,0.12603478260869533,0.0038860103626943135,0.14150278260869478
488144,2021,1,19,20,0.10294500000000108,-0.012719620253164598,0.02035421623050504,0.09022537974683648
491304,2021,1,19,21,-0.018699999999999,0.07569186046511636,,0.05699186046511737
494056,2021,1,19,22,0.2577000000000042,0.05972977528089891,,0.3174297752809031
497972,2021,1,19,23,0.07491666666666626,0.08318431372549052,,0.15810098039215678
500726,2021,1,20,0,0.16204285714285824,0.018357723577235755,,0.180400580720094
502448,2021,1,20,1,-0.0659789473684213,0.03053095238095239,,-0.03544799498746891
505640,2021,1,20,2,-0.01575000000000101,0.10107516339869221,,0.0853251633986912
511148,2021,1,20,3,0.08527499999999984,0.05354112554112566,,0.1388161255411255
515768,2021,1,20,4,0.10068095238095083,0.11662081784386621,,0.21730177022481706
521417,2021,1,20,5,0.027992857142857177,0.07012394366197178,0.003448275862068861,0.09811680080482896
524399,2021,1,20,6,0.04959285714285782,0.08166666666666658,-0.005277044854881119,0.1312595238095244
526289,2021,1,20,7,-0.008678571428571452,0.15002865853658504,-0.01353461738677775,0.14135008710801358
528585,2021,1,20,8,0.11573333333333442,0.10050425531914908,0.014523369421705956,0.2162375886524835
530277,2021,1,20,9,0.11490909090909097,0.06997196969696991,-0.0013185654008439631,0.18488106060606088
531729,2021,1,20,10,-0.14648181818181943,0.09169999999999986,0.028757460661964274,-0.05478181818181957
532873,2021,1,20,11,0.008556521739130464,0.09510740740740765,-0.06327827191867852,0.10366392914653812
535357,2021,1,20,12,0.05321428571428507,0.09090307692307688,0.017584690974915995,0.14411736263736194
538087,2021,1,20,13,0.06024838709677437,0.09521791044776166,-0.01527883880825065,0.15546629754453603
542241,2021,1,20,14,0.023015384615385,0.11414353741496629,-0.008082849204344544,0.1371589220303513
544152,2021,1,20,15,-0.00019374999999989022,0.1038076642335764,0.012014314928425527,0.1036139142335765
548536,2021,1,20,16,0.09607499999999795,0.08189123711340218,0.008247422680412342,0.17796623711340015
551640,2021,1,20,17,0.09400000000000384,0.047597489539748974,0.0023249806251612877,0.14159748953975282
554508,2021,1,20,18,0.1773999999999995,0.04991830065359479,-0.004884318766066764,0.2273183006535943
557415,2021,1,20,19,0.1896959999999985,0.14963071895424865,-0.0038412291933418437,0.33932671895424715
561240,2021,1,20,20,-0.03825000000000073,0.06473306451612905,-0.0038265306122450275,0.02648306451612832
563224,2021,1,20,21,0.1685666666666645,0.1614140127388528,,0.32998067940551734
565579,2021,1,20,22,0.12747777777777625,0.09715220588235302,,0.22462998366012926
568027,2021,1,20,23,0.11853478260869586,0.10955384615384653,,0.22808862876254238
570718,2021,1,21,0,0.05564285714285826,0.049981060606060695,,0.10562391774891895
573490,2021,1,21,1,0.04312307692307719,0.057033884297520515,,0.1001569612205977
575063,2021,1,21,2,-0.0006916666666673539,0.05740199999999997,,0.05671033333333261
576863,2021,1,21,3,-0.03927777777777751,0.07926149425287383,,0.039983716475096326
579995,2021,1,21,4,0.1917839999999971,0.118914179104477,,0.3106981791044741
583345,2021,1,21,5,0.14076956521739312,0.10757048192771122,0.007712082262210984,0.24834004714510433
587163,2021,1,21,6,0.03814166666666649,0.13542210526315812,,0.1735637719298246
589443,2021,1,21,7,0.1877111111111104,0.11956883116883114,0.008817427385892085,0.30727994227994154
590829,2021,1,21,8,0.156690909090911,0.11377767857142854,-0.011282051282051177,0.2704685876623395
592061,2021,1,21,9,0.03738181818181826,0.1155950413223142,0.01298701298701288,0.15297685950413245
593392,2021,1,21,10,0.22654999999999884,0.1124921874999999,-0.03436167544519686,0.3390421874999987
593776,2021,1,21,11,0.03352857142857091,0.01205925925925924,-0.05633136094674562,0.04558783068783015
594154,2021,1,21,12,0.07200666666666675,0.06478139534883709,0.06423173803526439,0.13678806201550384
594799,2021,1,21,13,0.07021428571428545,0.12591698113207564,-0.05968735196589281,0.1961312668463611
595912,2021,1,21,14,-0.022824000000000278,0.1081577981651375,0.040927021696252286,0.08533379816513723
598637,2021,1,21,15,-0.09964799999999976,0.12332953020134164,-0.05718270571827056,0.02368153020134188
602362,2021,1,21,16,0.0695846153846166,0.04130115606936412,0.0009306654257796864,0.11088577145398072
604611,2021,1,21,17,-0.0782428571428561,0.07749157894736833,-0.011954022988505786,-0.0007512781954877729
607271,2021,1,21,18,0.005756521739131138,0.01372233009708737,-0.041639127561136864,0.01947885183621851
609640,2021,1,21,19,0.05128571428571368,0.048408910891089105,0.0008820286659316777,0.09969462517680278
611761,2021,1,21,20,-0.0017799999999998752,0.08769318181818173,0.005543237250554389,0.08591318181818185
614401,2021,1,21,21,-0.04701600000000011,0.01747528089887629,,-0.029540719101123825
618851,2021,1,21,22,0.09174090909090844,0.04009999999999988,,0.13184090909090831
624131,2021,1,21,23,0.040230769230770846,0.059891623036649064,,0.10012239226741991
631580,2021,1,22,0,0.02806874999999915,0.05857753303964689,,0.08664628303964604
638844,2021,1,22,1,0.017466666666667737,0.15992142857142916,,0.1773880952380969
644304,2021,1,22,2,0.04949166666666707,0.10278194444444409,,0.15227361111111115
647760,2021,1,22,3,0.020836363636362962,0.14483904382470097,,0.16567540746106393
653282,2021,1,22,4,-0.02508518518518479,0.11711585365853598,,0.09203066847335119
657710,2021,1,22,5,0.0,0.1252288235294118,0.017140279657194446,0.1252288235294118
657880,2021,1,22,6,0.011574999999999587,0.10113311688311691,-0.0013513513513512265,0.1127081168831165
658496,2021,1,22,7,-0.12477692307692313,0.1472124999999999,-0.018784530386740328,0.02243557692307678
658600,2021,1,22,8,0.19130000000000144,0.06313913043478249,0.019373732822707712,0.25443913043478394
659428,2021,1,22,9,0.04130526315789436,0.131806521739131,-0.03458025228360151,0.17311178489702533
662050,2021,1,22,10,0.11016363636363631,0.16086428571428588,-0.03565436241610742,0.2710279220779222
662666,2021,1,22,11,0.09756666666666677,0.146061946902655,-0.08659003831417633,0.24362861356932178
664022,2021,1,22,12,0.07418124999999967,0.1285512000000001,-0.2574679943100995,0.20273244999999976
666022,2021,1,22,13,0.023360869565217275,0.08352282608695637,0.2756305570676827,0.10688369565217365
668138,2021,1,22,14,0.030973684210526074,0.10866120689655157,-0.06877323420074355,0.13963489110707764
670342,2021,1,22,15,0.13466538461538372,0.14176610878661214,-0.08743253662297601,0.27643149340199585
676556,2021,1,22,16,0.09375757575757761,0.07101368421052547,-0.040680473372781016,0.16477125996810307
682826,2021,1,22,17,0.07939687499999927,0.11323775510204166,0.05956112852664575,0.19263463010204093
692234,2021,1,22,18,0.016172727272726766,0.0696790909090908,0.0015698587127157546,0.08585181818181757
697074,2021,1,22,19,0.13070526315789127,0.06959203187250998,0.04426229508196733,0.20029729503040125
701843,2021,1,22,20,-0.02124137931034402,0.01890479452054786,-0.4211974570642376,-0.0023365847897961582
710311,2021,1,22,21,0.1719433333333291,0.03006013071895412,,0.2020034640522832
714901,2021,1,22,22,0.013877142857142921,-0.001487417218543036,,0.012389725638599886
720186,2021,1,22,23,0.014614285714285243,0.048085645933014357,,0.0626999316472996
726038,2021,1,23,0,0.23473599999999442,0.15009631901840542,,0.38483231901839987
730113,2021,1,23,1,0.0076217391304351624,0.09252941176470578,,0.10015115089514094
733241,2021,1,23,2,0.08393870967741993,0.10152205882352894,,0.18546076850094886
737457,2021,1,23,3,0.029441176470588137,0.10538455284552803,,0.13482572931611617
741639,2021,1,23,4,-0.0041545454545455695,0.09629084507042258,,0.09213629961587702
744763,2021,1,23,5,0.054625925925926494,0.1342130769230762,,0.1888390028490027
748273,2021,1,23,6,0.04560000000000026,0.15590176991150412,,0.20150176991150437
750759,2021,1,23,7,0.042861538461539006,0.16458707482993243,,0.20744861329147143
754581,2021,1,23,8,0.03624761904761906,0.12158074074074088,,0.15782835978835993
757416,2021,1,23,9,0.04796666666666639,0.05781140350877195,,0.10577807017543833
758442,2021,1,23,10,0.08441304347826084,0.2657458333333331,,0.35015887681159397
759546,2021,1,23,11,0.059980952380952295,0.09183404255319139,,0.1518149949341437
760533,2021,1,23,12,0.20313125000000123,0.12170099999999988,,0.3248322500000011
762133,2021,1,23,13,0.03910606060606002,0.10885849056603683,,0.14796455117209684
765631,2021,1,23,14,0.10241666666666606,0.18596212121212058,,0.2883787878787866
767611,2021,1,23,15,-0.020025925925926225,0.1823471910112353,,0.16232126508530909
770014,2021,1,23,16,0.09063999999999908,0.17908085106382918,,0.26972085106382826
772364,2021,1,23,17,0.08065000000000051,0.07794387755102068,,0.1585938775510212
775304,2021,1,23,18,0.06435862068965507,0.1442902777777779,,0.20864889846743295
777392,2021,1,23,19,0.07801250000000023,0.15204716981132035,,0.2300596698113206
779936,2021,1,23,20,0.09356923076922936,0.18401111111111038,,0.27758034188033975
783095,2021,1,23,21,0.14855600000000016,0.09214347826086941,,0.24069947826086957
784820,2021,1,23,22,0.04589523809523791,0.11070540540540562,,0.15660064350064354
787928,2021,1,23,23,0.08671,0.09024941176470591,,0.17695941176470592
790478,2021,1,24,0,0.1247032258064511,0.010075961538461478,,0.13477918734491257
793702,2021,1,24,1,0.04753461538461494,0.1097029850746262,,0.15723760045924112
797186,2021,1,24,2,0.1166129032258069,0.15399662921348248,,0.27060953243928937
799945,2021,1,24,3,0.2285027027027011,0.05956479999999988,,0.288067502702701
804570,2021,1,24,4,0.19865416666667124,0.05229112903225813,,0.25094529569892937
807546,2021,1,24,5,0.052188888888889576,0.13176646706586853,,0.1839553559547581
810552,2021,1,24,6,0.1585500000000024,0.14891238938053097,,0.3074623893805334
814394,2021,1,24,7,0.03162307692307745,0.11786344086021527,,0.14948651778329272
816812,2021,1,24,8,0.072957142857143,0.06758119658119653,,0.14053833943833954
818450,2021,1,24,9,0.16742352941176497,0.045064367816091834,,0.2124878972278568
819929,2021,1,24,10,0.2204294117647069,-0.034111940298507525,,0.18631747146619937
821068,2021,1,24,11,0.09696818181818208,0.13751860465116283,,0.2344867864693449
822014,2021,1,24,12,0.1360799999999996,0.07733823529411755,,0.21341823529411713
822524,2021,1,24,13,0.003521428571428311,-0.008849315068493136,,-0.0053278864970648255
824568,2021,1,24,14,0.05176666666666679,0.07549393939393949,,0.12726060606060627
828132,2021,1,24,15,0.0969181818181823,0.02892682926829262,,0.12584501108647492
832191,2021,1,24,16,0.22631935483870388,0.07080867346938714,,0.29712802830809104
838267,2021,1,24,17,0.057041025641022654,0.068961428571428,,0.12600245421245065
846457,2021,1,24,18,0.027815624999999764,0.1045966101694916,,0.13241223516949135
852121,2021,1,24,19,-0.03817750000000053,0.09178777777777752,,0.05361027777777699
859321,2021,1,24,20,0.06922142857142825,0.04000467836257298,,0.10922610693400123
864109,2021,1,24,21,0.13441999999999865,0.09792278481012602,,0.23234278481012466
868849,2021,1,24,22,-0.05991851851851872,0.16176535947712356,,0.10184684095860484
872980,2021,1,24,23,0.14616071428570895,0.07146888888888873,,0.21762960317459767
878020,2021,1,25,0,0.07771599999999818,0.19742631578947376,,0.2751423157894719
880870,2021,1,25,1,0.1047435897435902,0.11992368421052707,,0.22466727395411729
886798,2021,1,25,2,0.13856206896551668,0.004073684210526325,,0.142635753176043
892859,2021,1,25,3,0.06051111111111147,0.0666943396226417,,0.12720545073375317
898583,2021,1,25,4,0.04551874999999972,0.09225053191489324,,0.13776928191489296
904599,2021,1,25,5,0.10764137931034641,0.08278823529411722,0.08907719334504494,0.19042961460446362
909036,2021,1,25,6,-0.10193181818181739,0.14119504132231367,0.02478026051043081,0.03926322314049628
911698,2021,1,25,7,0.06357272727272814,0.0689273381294964,0.03033278777959625,0.13250006540222453
916285,2021,1,25,8,-0.0014333333333334003,0.04892292993630606,-0.06527281998980106,0.04748959660297266
920995,2021,1,25,9,0.07430270270270457,0.15317739726027454,0.09235739750445626,0.22748009996297913
926397,2021,1,25,10,0.04493999999999864,0.09679058823529423,-0.23327923464593825,0.14173058823529286
932347,2021,1,25,11,0.04174516129032302,0.004431162790697638,0.17587384491763758,0.04617632408102065
939012,2021,1,25,12,0.10201764705882346,0.07400113636363635,0.4341688274272544,0.1760187834224598
944996,2021,1,25,13,0.07361111111111102,0.08084640883977857,-0.09550488599348528,0.15445751995088958
949883,2021,1,25,14,0.07826499999999975,0.11666969696969683,-0.003246753246753276,0.19493469696969656
953183,2021,1,25,15,0.08175999999999756,0.025824812030075306,0.002995961964308957,0.10758481203007286
957173,2021,1,25,16,0.16003333333333214,0.02523333333333309,-0.02203821656050964,0.18526666666666522
961430,2021,1,25,17,0.08757037037037009,0.056600564971751734,-0.039285277199853086,0.14417093534212183
966209,2021,1,25,18,0.10307083333333589,0.04353539518900331,-0.014116795366795444,0.1466062285223392
973193,2021,1,25,19,-0.027290909090908623,0.004000234192037472,-0.06740182288736363,-0.023290674898871152
982587,2021,1,25,20,0.01308947368421009,0.13288712121212096,-0.05457446808510635,0.14597659489633105
985095,2021,1,25,21,0.07186086956521716,0.06442244897959169,,0.13628331854480885
986222,2021,1,25,22,0.26827600000000135,0.018869333333333356,,0.2871453333333347
988097,2021,1,25,23,0.005135999999999982,0.07405399999999979,,0.07918999999999977
989347,2021,1,26,0,-0.020004166666666993,0.15789148936170241,,0.13788732269503542
990475,2021,1,26,1,0.003106896551724001,0.05475617977528086,,0.05786307632700487
993056,2021,1,26,2,0.15850666666666574,0.10374000000000001,,0.26224666666666574
994556,2021,1,26,3,0.0879999999999989,0.07692389937106904,,0.16492389937106794
998054,2021,1,26,4,0.07072666666666697,0.021774545454545418,,0.09250121212121239
999704,2021,1,26,5,0.029774999999999822,-0.00019732142857142637,0.061547148503670275,0.029577678571428397
1002392,2021,1,26,6,0.1393545454545405,0.019810582010581838,0.0005649717514124575,0.15916512746512235
1006550,2021,1,26,7,0.09837368421052699,0.06464468085106384,-0.03289258004589668,0.16301836506159084
1008336,2021,1,26,8,0.020487999999999888,0.060228378378377884,0.02532212885154061,0.08071637837837778
1010186,2021,1,26,9,0.011865517241379315,0.0705386363636363,0.01918465227817756,0.08240415360501561
1012738,2021,1,26,10,0.0681319999999997,0.06369929078014196,-0.00045656888483058816,0.13183129078014166
1016263,2021,1,26,11,-0.03102083333333366,0.13774181818181833,-0.0021640091116172933,0.10672098484848466
1017583,2021,1,26,12,0.11542631578947397,0.02292975206611569,-0.16824554755589238,0.13835606785558965
1019882,2021,1,26,13,0.009676923076922774,0.15234516129032222,-0.07848101265822782,0.162022084367245
1020688,2021,1,26,14,0.11320500000000039,0.04345641025641019,-0.13120970800151688,0.1566614102564106
1022248,2021,1,26,15,0.09980909090908884,0.006248684210526323,-0.09673220524765368,0.10605777511961516
1023920,2021,1,26,16,0.05876818181818189,0.056543564356435254,-0.34965471151704164,0.11531174617461715
1026142,2021,1,26,17,0.0,-0.005084848484848482,0.07836071874699724,-0.005084848484848482
1026241,2021,1,26,18,0.0,0.07005816326530613,-0.07493333333333341,0.07005816326530613
1026339,2021,1,26,19,0.0,-0.00733043478260868,0.07393441840484938,-0.00733043478260868
1026362,2021,1,26,20,0.0,0.12673571428571428,-0.2997426384571677,0.12673571428571428
1026376,2021,1,26,21,0.0,0.01916500000000001,,0.01916500000000001
1026396,2021,1,26,22,0.0,0.30896666666666667,,0.30896666666666667
1026411,2021,1,26,23,0.0,0.05191000000000001,,0.05191000000000001
1026421,2021,1,27,0,0.0,0.285275,,0.285275
1026433,2021,1,27,1,0.0,-0.004311111111111136,,-0.004311111111111136
1026442,2021,1,27,2,0.0,0.15784444444444443,,0.15784444444444443
1026451,2021,1,27,3,0.0,-0.028372727272727275,,-0.028372727272727275
1026462,2021,1,27,4,0.0,0.2581375,,0.2581375
1026470,2021,1,27,5,0.0,-0.03005555555555555,-0.14760683760683754,-0.03005555555555555
1026479,2021,1,27,6,0.0,0.1712,0.773712668654303,0.1712
1026487,2021,1,27,7,0.0,0.08510000000000001,-0.13960869565217393,0.08510000000000001
1026490,2021,1,27,8,0.0,-0.4617,-0.0064794816414687215,-0.4617
1026492,2021,1,27,9,0.0,-0.08755,-0.25488428980655964,-0.08755
1026498,2021,1,27,10,0.0,0.0,-0.16440750900973589,0.0
1026500,2021,1,27,11,0.0,0.0,0.18940532932407786,0.0
1026501,2021,1,27,12,0.0,0.0258,-0.08638980623666602,0.0258
1026503,2021,1,27,13,0.0,0.2553,0.047705073639731976,0.2553
1026505,2021,1,27,14,0.11605714285714286,0.0,0.02187108886107625,0.11605714285714286
1026519,2021,1,27,15,0.02819230769230769,0.1994666666666668,-0.07362318840579707,0.22765897435897448
1026636,2021,1,27,16,0.0643052631578947,0.2286999999999998,0.054207663631363534,0.2930052631578945
1026864,2021,1,27,17,-0.0875095238095237,0.022637500000000005,0.023167109582616696,-0.0648720238095237
1027536,2021,1,27,18,0.0716906250000023,0.13076891891891926,0.28557073954983925,0.20245954391892157
1029904,2021,1,27,19,-0.03900000000000032,0.06925471698113189,-0.147945205479452,0.030254716981131573
1031653,2021,1,27,20,0.07672222222222169,-0.0007000000000000002,-0.12835820895522387,0.07602222222222169
1035217,2021,1,27,21,0.31948214285714505,0.20559999999999817,,0.5250821428571433
1037905,2021,1,27,22,-0.006500000000000193,0.05742099999999996,,0.050920999999999765
1039205,2021,1,27,23,-0.09633333333333269,0.044540243902439006,,-0.05179308943089368
1039943,2021,1,28,0,0.022559999999999993,0.2856583333333331,,0.3082183333333331
1040123,2021,1,28,1,0.18539333333333294,0.045548000000000005,,0.23094133333333294
1040498,2021,1,28,2,0.13116842105263135,0.2139666666666663,,0.3451350877192977
1040783,2021,1,28,3,0.05421052631578946,0.13407407407407398,,0.18828460038986344
1041296,2021,1,28,4,0.004506666666666692,0.42869999999999975,,0.43320666666666646
1041356,2021,1,28,5,0.0371,0.4241999999999992,-0.26535087719298245,0.4612999999999992
1041470,2021,1,28,6,0.010834782608695647,0.1862499999999999,0.024719101123595436,0.19708478260869552
1041562,2021,1,28,7,-0.07107272727272726,0.15909999999999982,-0.030501089324618706,0.08802727272727257
1041650,2021,1,28,8,0.05205769230769231,0.05840000000000002,0.346041055718475,0.11045769230769234
1041806,2021,1,28,9,0.17548399999999986,0.4923399999999992,-0.27212960788917584,0.6678239999999991
1041931,2021,1,28,10,0.0004214285714285768,0.6263142857142846,0.7745161168137571,0.6267357142857132
1042029,2021,1,28,11,-0.13860869565217385,0.3299714285714279,0.032256803253049686,0.19136273291925407
1042190,2021,1,28,12,0.09845238095238089,-0.060114814814814795,0.06713397588350656,0.038337566137566094
1042757,2021,1,28,13,-0.0863136363636363,0.17080000000000004,-0.0077009067196621706,0.08448636363636373
1043065,2021,1,28,14,-0.004742857142857127,0.44122857142857136,-0.02281830319213496,0.43648571428571425
1043114,2021,1,28,15,-0.06073529411764705,0.11470000000000001,0.25187398703403563,0.05396470588235296
1043182,2021,1,28,16,-0.13921764705882356,0.027557894736842087,-0.2317509727626459,-0.11165975232198147
1043505,2021,1,28,17,-0.06413809523809526,0.1296999999999999,-0.08816746496363326,0.06556190476190464
1043715,2021,1,28,18,0.05458571428571432,0.20367499999999966,-0.1877755684274227,0.25826071428571395
1043995,2021,1,28,19,-0.005444444444444574,0.0636194444444445,0.11224718740985272,0.058174999999999935
1044643,2021,1,28,20,-0.005419047619047704,-0.1511560606060608,-0.2675259426210264,-0.1565751082251085
1046029,2021,1,28,21,0.1198937499999999,0.12321176470588231,,0.2431055147058822
1046301,2021,1,28,22,-0.14830666666666675,0.16416153846153833,,0.015854871794871578
1046496,2021,1,28,23,0.18282000000000012,0.3353999999999996,,0.5182199999999997
1046631,2021,1,29,0,0.12260666666666604,0.11406206896551702,,0.23666873563218305
1047501,2021,1,29,1,0.03180666666666659,0.10384799999999995,,0.13565466666666653
1047876,2021,1,29,2,-0.09482222222222182,0.07458354430379743,,-0.02023867791842439
1048587,2021,1,29,3,0.13107692307692284,0.08563870967741932,,0.21671563275434216
1048990,2021,1,29,4,-0.036169230769230724,0.13766122448979598,,0.10149199372056525
1049627,2021,1,29,5,0.03124444444444447,0.061265384615384624,0.09482071713147412,0.0925098290598291
1049861,2021,1,29,6,0.04392857142857141,0.34743999999999986,-0.015088225614541371,0.3913685714285713
1049931,2021,1,29,7,0.0722692307692308,0.012869387755102067,0.1400329013824353,0.08513861852433285
1050568,2021,1,29,8,-0.07403157894736832,0.07445660377358487,-0.04492957358251337,0.0004250248262165496
1051575,2021,1,29,9,0.0846368421052632,0.25072999999999995,0.14311371585216004,0.33536684210526313
1051765,2021,1,29,10,0.1567142857142857,0.2466666666666667,-0.05155101308947463,0.4033809523809524
1051891,2021,1,29,11,0.14287894736842105,0.149233333333333,-0.016315371725901806,0.29211228070175405
1052119,2021,1,29,12,0.0412600000000001,0.022890909090909104,0.03291531290802552,0.0641509090909092
1052339,2021,1,29,13,0.012723076923076946,0.09462000000000004,0.19274926659664612,0.10734307692307699
1052404,2021,1,29,14,0.1437421052631578,0.3607611111111102,-0.026273099167724582,0.504503216374268
1052746,2021,1,29,15,0.0073076923076923015,0.14276666666666663,-0.13611991225932252,0.15007435897435892
1052980,2021,1,29,16,0.06943076923076921,0.2592111111111109,0.01931557046146204,0.32864188034188013
1053097,2021,1,29,17,0.001373333333333209,0.05379761904761906,0.052352941176470484,0.055170952380952265
1053727,2021,1,29,18,0.09564117647058842,0.0010327272727272694,-0.03078677309007993,0.09667390374331569
1055597,2021,1,29,19,-0.006657142857142671,0.13526734693877537,0.01189064453062416,0.1286102040816327
1056283,2021,1,29,20,0.13629374999999927,0.03650923076923089,-0.10341954022988507,0.17280298076923017
1058363,2021,1,29,21,-0.09900833333333363,0.17987142857142846,,0.08086309523809483
1058783,2021,1,29,22,0.16118461538461543,0.055899999999999964,,0.21708461538461538
1058835,2021,1,29,23,0.11401249999999993,0.140375,,0.25438749999999993
1059155,2021,1,30,0,0.20484,0.42869999999999997,,0.63354
1059175,2021,1,30,1,0.24883076923076938,0.32579999999999976,,0.5746307692307692
1059266,2021,1,30,2,0.12388749999999922,0.15166774193548377,,0.275555241935483
1060258,2021,1,30,3,0.12503124999999993,0.10105600000000006,,0.22608725
1060658,2021,1,30,4,0.02854347826086958,-0.005019999999999999,,0.02352347826086958
1061118,2021,1,30,5,0.2557473684210529,0.1610041666666668,,0.41675153508771967
1061574,2021,1,30,6,0.24068666666666608,0.19427058823529386,,0.4349572549019599
1061829,2021,1,30,7,0.21322000000000013,0.06995714285714284,,0.28317714285714296
1061969,2021,1,30,8,0.0980999999999998,0.035525806451612844,,0.13362580645161265
1062403,2021,1,30,9,0.013066666666666638,-0.1325333333333333,,-0.11946666666666667
1062511,2021,1,30,10,0.22536666666666724,0.06754333333333332,,0.29291000000000056
1062871,2021,1,30,11,0.057894444444443735,0.13818145161290327,,0.196075896057347
1065103,2021,1,30,12,-0.023172222222222053,-0.020589130434782627,,-0.043761352657004676
1066759,2021,1,30,13,-0.03301818181818221,0.07757714285714261,,0.0445589610389604
1067529,2021,1,30,14,-0.02075294117647049,0.22392222222222213,,0.20316928104575163
1067988,2021,1,30,15,0.11739374999999977,0.13288055555555556,,0.2502743055555553
1068564,2021,1,30,16,-0.06638333333333332,0.08672142857142852,,0.020338095238095197
1068816,2021,1,30,17,-0.035666666666666264,0.1105175824175821,,0.07485091575091583
1069908,2021,1,30,18,0.05349375000000188,0.12676962025316468,,0.18026337025316658
1072436,2021,1,30,19,0.039813636363636405,0.13379999999999995,,0.17361363636363636
1073976,2021,1,30,20,-0.01250769230769223,0.09801666666666674,,0.0855089743589745
1074756,2021,1,30,21,0.1126684210526307,0.10892499999999983,,0.22159342105263052
1075668,2021,1,30,22,0.20131875000000035,0.13479047619047602,,0.33610922619047634
1076340,2021,1,30,23,0.21855263157894647,0.29560476190476176,,0.5141573934837083
1076739,2021,1,31,0,0.20795384615384516,0.06124925373134336,,0.26920309988518853
1077610,2021,1,31,1,0.07266190476190511,0.003755172413793111,,0.07641707717569822
1078219,2021,1,31,2,-0.01640454545454529,0.06960560000000006,,0.05320105454545477
1080969,2021,1,31,3,0.2233791666666665,0.029190243902439062,,0.25256941056910553
1081953,2021,1,31,4,0.19137692307692403,0.14687228915662637,,0.3382492122335504
1083032,2021,1,31,5,0.07271578947368368,0.0631173333333333,,0.13583312280701698
1084457,2021,1,31,6,0.19065333333333584,0.02112452830188675,,0.21177786163522258
1086842,2021,1,31,7,0.20248000000000002,0.10080909090909088,,0.3032890909090909
1087172,2021,1,31,8,-0.043683333333333324,-0.059903999999999916,,-0.10358733333333324
1087622,2021,1,31,9,0.1358235294117648,0.2163640000000002,,0.352187529411765
1088047,2021,1,31,10,0.13678000000000176,0.15763333333333343,,0.2944133333333352
1089577,2021,1,31,11,0.04111250000000005,0.09494210526315783,,0.13605460526315788
1090033,2021,1,31,12,0.09414705882352938,0.3231928571428568,,0.41733991596638614
1090271,2021,1,31,13,0.09988125000000003,0.21734999999999963,,0.31723124999999963
1090495,2021,1,31,14,-0.14011250000000003,0.11623829787234034,,-0.023874202127659686
1091247,2021,1,31,15,-0.040959999999999885,0.15010662251655632,,0.10914662251655644
1092757,2021,1,31,16,0.1600409090909092,0.09254038461538446,,0.2525812937062937
1093901,2021,1,31,17,0.03842941176470589,0.1453699999999999,,0.18379941176470577
1094241,2021,1,31,18,0.06719411764705875,0.12013913043478243,,0.18733324808184118
1094632,2021,1,31,19,-0.019421739130434768,0.11447111111111062,,0.09504937198067585
1095667,2021,1,31,20,0.06727222222222219,-0.01779459459459458,,0.04947762762762761
1096333,2021,1,31,21,0.024400000000000227,0.07225217391304344,,0.09665217391304366
1096885,2021,1,31,22,-0.0636588235294116,0.0793338461538459,,0.015675022624434293
1097990,2021,1,31,23,0.009926666666666407,0.03880540540540531,,0.04873207207207171
1099100,2021,2,1,0,0.05052857142857143,-0.008902380952380945,,0.04162619047619048
1099688,2021,2,1,1,0.03825454545454547,0.005121428571428569,,0.04337597402597404
1099996,2021,2,1,2,0.07011764705882347,0.31000714285714276,,0.3801247899159662
1100234,2021,2,1,3,0.1437,0.09373333333333336,,0.23743333333333336
1100291,2021,2,1,4,0.11091818181818182,0.3992749999999996,,0.5101931818181814
1100379,2021,2,1,5,0.015252941176470587,0.5082499999999995,0.03264094955489605,0.5235029411764701
1100447,2021,2,1,6,-0.011991666666666677,0.3042666666666668,0.0268754951550978,0.2922750000000001
1100483,2021,2,1,7,-0.053850000000000016,-9.374999999999661e-05,0.01493737436214615,-0.05394375000000001
1100739,2021,2,1,8,0.21416428571428509,0.02633103448275863,0.017463813719320376,0.24049532019704373
1101145,2021,2,1,9,-0.08803,0.39673333333333327,0.1770370370370371,0.3087033333333333
1101205,2021,2,1,10,0.00031333333333333956,0.3913499999999999,0.13736888664223446,0.39166333333333325
1101265,2021,2,1,11,0.020471428571428595,0.1682454545454547,-0.08414351851851852,0.18871688311688328
1101419,2021,2,1,12,0.04996000000000001,0.07393333333333336,0.04516129032258065,0.12389333333333338
1101599,2021,2,1,13,0.018406249999999957,-0.09343421052631573,-0.008000000000000007,-0.07502796052631577
1102207,2021,2,1,14,-0.03136315789473717,0.0898333333333333,0.04088600216504279,0.05847017543859614
1102777,2021,2,1,15,-0.08028750000000008,0.19459999999999988,0.058061674008810675,0.1143124999999998
1103001,2021,2,1,16,0.21007272727272738,0.1299066666666665,0.093712358467839,0.3399793939393939
1103166,2021,2,1,17,-0.030353846153846138,0.008213636363636371,0.1660112359550563,-0.022140209790209767
1103452,2021,2,1,18,-0.010862068965517228,-0.05517000000000022,-0.05193075898801602,-0.06603206896551744
1104612,2021,2,1,19,-0.03031428571428571,0.08416666666666665,-0.00933938370620524,0.05385238095238094
1104654,2021,2,1,20,-0.032995652173913044,0.5889111111111103,0.10830409356725146,0.5559154589371972
1104861,2021,2,1,21,0.0458333333333333,0.5901199999999993,,0.6359533333333326
1104951,2021,2,1,22,-0.0350608695652174,0.6776666666666658,,0.6426057971014484
1105020,2021,2,1,23,-0.01243571428571426,0.13730526315789474,,0.12486954887218048
1105286,2021,2,2,0,-0.017231578947368407,0.5780799999999992,,0.5608484210526308
1105381,2021,2,2,1,0.2666260869565218,0.4807249999999993,,0.7473510869565211
1105473,2021,2,2,2,-0.016819047619047615,0.7225999999999989,,0.7057809523809513
1105557,2021,2,2,3,0.16549999999999995,0.2973399999999998,,0.4628399999999998
1105652,2021,2,2,4,0.027021052631578946,-0.15310000000000004,,-0.1260789473684211
1105671,2021,2,2,5,-0.05458333333333333,0.39186666666666653,-0.02005730659025784,0.3372833333333332
1105725,2021,2,2,6,-0.048878125000000015,0.6776666666666654,0.10101583696132233,0.6287885416666654
1105821,2021,2,2,7,0.0630782608695652,-0.13447142857142863,0.14268204758471548,-0.07139316770186344
1106143,2021,2,2,8,-0.021404761904761885,0.16455999999999996,0.08784313725490178,0.14315523809523806
1106353,2021,2,2,9,-0.031022222222222305,0.16282352941176456,0.10869565217391307,0.13180130718954225
1106659,2021,2,2,10,0.03693225806451617,0.14763999999999974,0.25683060109289624,0.1845722580645159
1107279,2021,2,2,11,0.18651818181818156,0.3687555555555549,-0.2033086634740966,0.5552737373737364
1107477,2021,2,2,12,-0.01998333333333334,0.13884444444444444,-0.026282323018228082,0.1188611111111111
1107639,2021,2,2,13,0.06036111111111109,0.2354999999999996,0.13011401743796114,0.2958611111111107
1107783,2021,2,2,14,0.033540909090909204,0.12056153846153832,0.044744744744744665,0.1541024475524475
1108069,2021,2,2,15,0.040686956521739155,0.11800666666666648,0.10423344755167464,0.15869362318840563
1108414,2021,2,2,16,-0.06002400000000032,0.11537636363636375,0.019035818878125662,0.05535236363636343
1109789,2021,2,2,17,0.030423529411765342,0.031654676258992695,-0.03500000000000003,0.06207820567075804
1112152,2021,2,2,18,-0.07322941176470525,0.06481162790697667,0.022222222222222143,-0.00841778385772858
1113614,2021,2,2,19,0.03279166666666694,-0.02386451612903222,0.05633802816901401,0.00892715053763472
1114358,2021,2,2,20,0.026559999999999986,0.6047749999999995,-0.02293577981651373,0.6313349999999995
1114418,2021,2,2,21,0.05029166666666673,0.46239999999999987,,0.5126916666666665
1114514,2021,2,2,22,0.0021533333333333795,0.09635999999999996,,0.09851333333333334
1114739,2021,2,2,23,0.12106000000000001,-0.05558846153846159,,0.06547153846153843
1114999,2021,2,3,0,0.19462380952381161,0.09337894736842114,,0.28800275689223276
1116994,2021,2,3,1,0.08820588235294065,-0.02713846153846151,,0.061067420814479134
1117657,2021,2,3,2,0.08313529411764714,0.14230909090909083,,0.22544438502673797
1118031,2021,2,3,3,0.24861874999999958,-0.05780555555555553,,0.19081319444444406
1118319,2021,2,3,4,0.0,0.2695620689655172,,0.2695620689655172
1118348,2021,2,3,5,0.0,0.03342608695652176,,0.03342608695652176
1118394,2021,2,3,6,0.0,0.17767058823529414,,0.17767058823529414
1118411,2021,2,3,7,0.0,-0.09578750000000003,,-0.09578750000000003
1118419,2021,2,3,8,0.0,0.23311428571428575,,0.23311428571428575
1118426,2021,2,3,9,0.0,0.026183333333333326,,0.026183333333333326
1118432,2021,2,3,10,0.0,0.6908,,0.6908
1118433,2021,2,3,11,0.0,0.0296037037037037,,0.0296037037037037
1118460,2021,2,3,12,0.0,-0.02516825396825397,,-0.02516825396825397
1118523,2021,2,3,13,0.0,0.007433333333333326,,0.007433333333333326
1118535,2021,2,3,14,0.0,-0.39225,,-0.39225
1118537,2021,2,3,16,0.0,0.6249,,0.6249
1118538,2021,2,3,22,0.0,0.4215,,0.4215
1118539,2021,2,3,23,0.0,-0.7506,,-0.7506
1118540,2021,2,4,0,0.0,0.4404,,0.4404
1118541,2021,2,4,4,0.0,0.0,,0.0
1118542,2021,2,4,5,0.0,0.0772,,0.0772
1118543,2021,2,4,16,0.0,0.636,,0.636
1118544,2021,2,4,18,0.0,0.0,,0.0
1118546,2021,2,4,19,0.0,-0.128,,-0.128
1118547,2021,2,4,20,0.0,0.3716,,0.3716
1118548,2021,2,4,21,0.0,0.4404,,0.4404
1118549,2021,2,5,0,0.0,0.0,,0.0
1118550,2021,2,5,2,0.0,0.0,,0.0
1118551,2021,2,5,3,0.0,0.4588,,0.4588
1118552,2021,2,5,4,0.0,0.0,,0.0
1118553,2021,2,5,7,0.0,0.0,,0.0
1118554,2021,2,5,17,0.0,0.0,,0.0
1118555,2021,2,5,19,0.0,0.0,,0.0
1118556,2021,2,5,20,0.0,0.0,,0.0
1118557,2021,2,6,14,0.0,0.4019,,0.4019
1118558,2021,2,7,16,0.0,0.0,,0.0
1118559,2021,2,7,22,0.0,0.0,,0.0
1118560,2021,2,8,18,0.0,0.6696,,0.6696
1118561,2021,2,8,19,0.0,0.2869,,0.2869
1118562,2021,2,8,20,0.0,0.3869,,0.3869
1118563,2021,2,8,21,0.0,0.0,,0.0
1118564,2021,2,8,22,0.0,0.0,,0.0
1118565,2021,2,9,1,0.0,-0.2732,,-0.2732
1118566,2021,2,11,2,0.0,-0.656,,-0.656
1118567,2021,2,11,3,0.0,0.5994,,0.5994
1118568,2021,2,11,7,0.0,0.6486,,0.6486
1118569,2021,2,12,6,0.0,0.4329,,0.4329
1118570,2021,2,12,17,0.0,0.0387,,0.0387
1118571,2021,2,14,3,0.0,0.3954,,0.3954
1118572,2021,2,14,12,0.0,0.3382,,0.3382
1118573,2021,2,16,9,0.0,0.0,,0.0
1118574,2021,2,17,22,0.0,0.0,,0.0
1118575,2021,2,18,2,0.0,0.6429499999999999,,0.6429499999999999
1118577,2021,2,18,5,0.0,0.0,,0.0
1118578,2021,2,18,15,0.0,0.3715,,0.3715
1118580,2021,2,19,4,0.0,0.0,,0.0
1118581,2021,2,19,23,0.0,-0.34,,-0.34
1118582,2021,2,21,8,0.0,-0.0386,,-0.0386
1118584,2021,2,22,6,0.0,0.0,,0.0
1118585,2021,2,22,11,0.0,0.34,,0.34
1118586,2021,2,23,12,0.0,0.0,,0.0
1118587,2021,2,24,5,0.0,0.0,,0.0
1118588,2021,2,24,15,0.0,0.624,,0.624
1118589,2021,2,24,20,0.0,-0.6249,,-0.6249
